christmas,0.004
tree,0.002
farm,0.002
pictures,0.024
,75.726
vastar,0.016
resources,0.064
inc,0.096
gary,0.16
production,0.136
high,0.042
island,0.024
larger,0.006
block,0.006
1,0.674
2,0.504
commenced,0.002
saturday,0.006
00,0.354
p,0.176
6,0.09
500,0.078
gross,0.006
carlos,0.058
expects,0.004
9,0.084
10,0.412
000,0.628
tomorrow,0.038
owns,0.006
68,0.002
george,0.172
x,0.132
3,0.45
6992,0.016
forwarded,0.522
weissman,0.048
hou,2.268
ect,4.34
12,0.566
13,0.094
99,0.61
16,0.128
daren,0.468
j,0.28
farmer,0.218
38,0.024
rodriguez,0.024
cc,0.708
melissa,0.064
graves,0.052
please,0.852
call,0.202
linda,0.032
get,0.3
everything,0.024
set,0.178
going,0.054
estimate,0.042
4,0.224
coming,0.026
increase,0.06
following,0.176
day,0.258
based,0.054
conversations,0.002
bill,0.024
fischer,0.002
bmar,0.002
34,0.044
enron,1.31
north,0.08
america,0.082
corp,0.508
bryan,0.036
darren,0.024
attached,0.222
appears,0.016
nomination,0.134
previously,0.01
erroneously,0.002
referred,0.004
well,0.162
commence,0.012
sometime,0.012
told,0.024
harris,0.004
telephone,0.004
number,0.096
gas,0.64
control,0.048
provide,0.06
notification,0.008
turn,0.012
numbers,0.062
record,0.018
281,0.032
584,0.002
3359,0.002
voice,0.032
713,0.146
312,0.004
1689,0.002
fax,0.03
would,0.308
see,0.264
someone,0.088
contacts,0.016
advises,0.002
submit,0.002
future,0.022
nominations,0.036
via,0.046
e,0.458
mail,0.17
thanks,0.534
09,0.192
44,0.016
43,0.016
hi,0.02
effective,0.088
11,0.328
mscf,0.002
min,0.014
ftp,0.002
time,0.21
925,0.002
24,0.154
hours,0.058
908,0.002
8,0.132
878,0.002
840,0.002
793,0.002
14,0.138
738,0.002
674,0.002
18,0.158
602,0.002
20,0.154
521,0.002
22,0.128
431,0.002
332,0.002
26,0.062
224,0.002
28,0.138
108,0.004
30,0.122
982,0.002
32,0.038
847,0.004
703,0.002
36,0.032
549,0.002
calpine,0.028
daily,0.09
doc,0.014
issue,0.11
fyi,0.092
note,0.08
already,0.034
done,0.074
stella,0.156
l,0.276
morris,0.092
sherlyn,0.052
schumack,0.046
06,0.084
howard,0.154
b,0.198
camp,0.12
taken,0.03
care,0.016
yesterday,0.032
stacey,0.06
neuweiler,0.038
work,0.13
resolve,0.024
hc,0.024
08,0.166
01,0.554
pm,0.724
create,0.036
accounting,0.096
arrangement,0.042
purchase,0.114
unocal,0.002
energy,0.19
meter,0.854
986782,0.014
deal,0.656
tracked,0.002
5,0.12
volume,0.3
114427,0.002
expired,0.016
7268,0.006
nov,0.03
allocation,0.068
lauri,0.072
allen,0.092
17,0.116
kimberly,0.074
vaughn,0.07
02,0.582
54,0.02
mary,0.118
smith,0.094
put,0.07
strangas,0.002
contract,0.322
52,0.028
anita,0.108
luong,0.076
kim,0.044
7247,0.002
mm,0.024
shows,0.062
allocated,0.06
reliant,0.022
201,0.012
november,0.034
point,0.108
therefore,0.038
make,0.142
sure,0.106
volumes,0.264
moved,0.03
prior,0.038
close,0.024
mcmullen,0.008
jackie,0.136
since,0.098
inlet,0.004
river,0.018
plant,0.114
shut,0.034
19,0.074
last,0.124
flow,0.15
diverted,0.002
hpl,0.41
buying,0.018
residue,0.002
teco,0.01
vintage,0.016
tejones,0.004
swift,0.022
still,0.058
active,0.022
deals,0.206
3405,0.012
path,0.064
manager,0.058
also,0.196
scheduled,0.066
pops,0.122
3404,0.002
advice,0.01
need,0.494
soon,0.078
possible,0.068
settlement,0.008
send,0.074
payments,0.004
1517,0.006
jan,0.186
1999,0.12
zero,0.058
012,0.072
27049,0.02
001,0.022
receipt,0.088
package,0.01
id,0.06
2666,0.002
allocate,0.046
149,0.004
64610,0.006
055,0.006
deliv,0.004
392,0.004
3011,0.002
buybacks,0.006
incorrectly,0.01
nominated,0.048
transport,0.216
contracts,0.092
let,0.408
know,0.508
duns,0.004
changes,0.116
payne,0.004
35,0.048
antoine,0.004
v,0.024
pierre,0.004
tommy,0.018
yanowski,0.016
kathryn,0.006
bussell,0.002
diane,0.008
niestrath,0.004
romeo,0.014
souza,0.012
michael,0.064
eiben,0.018
clem,0.014
cernosek,0.014
scotty,0.02
gilbert,0.01
dave,0.032
nommensen,0.018
david,0.048
rohan,0.002
kevin,0.028
heal,0.002
cal,0.004
richard,0.044
pinion,0.008
g,0.032
gosnell,0.008
jason,0.002
moore,0.012
samuel,0.002
schott,0.002
bernice,0.002
making,0.032
wednesday,0.034
december,0.082
15,0.198
agree,0.014
problem,0.116
dnb,0.002
change,0.158
notify,0.014
otherwise,0.01
dunns,0.002
counterparty,0.044
cp,0.006
cinergy,0.002
62163,0.002
869279893,0.002
928976257,0.002
dynamics,0.002
management,0.164
69545,0.002
825854664,0.002
088889774,0.002
south,0.03
jersey,0.002
group,0.144
llc,0.014
52109,0.002
789118270,0.002
036474336,0.002
transalta,0.002
marketing,0.058
us,0.124
62413,0.002
252050406,0.002
255326837,0.002
philadelphia,0.002
works,0.014
33282,0.002
148415904,0.002
146907159,0.002
rennie,0.002
7578,0.002
king,0.046
ranch,0.104
two,0.086
fields,0.01
difficulty,0.004
unify,0.056
system,0.094
cage,0.008
processing,0.018
agreement,0.072
accomodates,0.002
understanding,0.034
selling,0.014
liquids,0.034
delivering,0.004
stratton,0.002
05,0.146
cent,0.006
fee,0.012
deliver,0.018
method,0.01
accomodate,0.008
415,0.004
9643,0.04
reflected,0.014
trans,0.006
usage,0.024
ticket,0.148
123395,0.002
95394,0.002
either,0.064
input,0.032
nom,0.214
krgp,0.004
meters,0.104
match,0.012
9610,0.004
sale,0.13
taking,0.022
title,0.008
needs,0.106
sitara,0.3
appropriate,0.024
rate,0.074
currently,0.082
divert,0.002
current,0.054
interstate,0.006
sales,0.078
made,0.06
forest,0.008
oil,0.022
6396,0.004
originally,0.016
setup,0.022
texaco,0.034
confirmation,0.012
96006681,0.002
reassigned,0.002
hplc,0.114
hplr,0.048
pipe,0.042
entex,0.1
transistion,0.01
much,0.064
memo,0.026
like,0.166
reiterate,0.002
support,0.088
key,0.042
issues,0.104
thu,0.09
best,0.058
luck,0.008
new,0.28
assignment,0.014
worked,0.018
hard,0.018
great,0.06
job,0.022
shy,0.004
asking,0.016
questions,0.256
critical,0.022
texas,0.142
business,0.122
team,0.148
timely,0.002
accurate,0.016
rita,0.044
setting,0.02
account,0.044
communication,0.014
success,0.024
encourage,0.01
keep,0.076
informed,0.016
times,0.022
impact,0.008
significant,0.008
additionally,0.016
profile,0.002
want,0.168
assure,0.004
top,0.014
quality,0.022
efforts,0.012
anything,0.052
help,0.14
additional,0.06
wynne,0.04
45,0.038
janet,0.022
h,0.04
wallis,0.008
ami,0.314
chokshi,0.266
nguyen,0.05
kyle,0.01
r,0.052
lilly,0.002
grant,0.056
julie,0.11
meyers,0.054
cordes,0.004
lisa,0.098
csikos,0.018
brenda,0.07
f,0.072
herod,0.058
pamela,0.012
chambers,0.016
purpose,0.01
email,0.066
recap,0.004
kickoff,0.004
meeting,0.104
held,0.012
members,0.028
commercial,0.034
managment,0.008
concernig,0.004
january,0.288
2000,1.462
37159,0.004
take,0.1
responsibility,0.028
allocating,0.01
began,0.014
training,0.072
month,0.316
continue,0.07
transition,0.038
next,0.1
months,0.048
primary,0.01
especially,0.006
first,0.108
learns,0.004
allocations,0.048
process,0.06
lead,0.008
responsibilites,0.004
within,0.028
available,0.068
backup,0.008
necessary,0.04
year,0.072
initial,0.018
phases,0.004
organize,0.004
front,0.012
office,0.066
back,0.178
meet,0.026
discuss,0.036
relating,0.01
scheduling,0.048
settlements,0.024
etc,0.034
hopefully,0.024
give,0.09
chance,0.026
identify,0.016
finalization,0.004
learn,0.006
relative,0.008
respective,0.01
areas,0.012
allow,0.024
newcomers,0.004
speed,0.014
everyone,0.052
attend,0.016
meetings,0.014
initially,0.012
believe,0.054
part,0.052
assistant,0.012
coordinate,0.012
early,0.03
anyone,0.02
concerns,0.028
feel,0.066
free,0.098
stop,0.066
advance,0.024
cooperation,0.004
add,0.026
confirmations,0.018
distributions,0.004
list,0.176
lst,0.052
rev,0.036
dec,0.096
josey,0.062
susan,0.142
trevino,0.062
40,0.026
bob,0.1
withers,0.058
stretch,0.026
brennan,0.026
mclarney,0.022
taylor,0.048
vance,0.054
discussed,0.026
missed,0.012
week,0.104
apologize,0.006
omission,0.002
checking,0.008
field,0.038
personnel,0.008
anticipate,0.006
reduction,0.014
due,0.084
decreases,0.002
separate,0.006
intra,0.008
revised,0.052
using,0.062
081,0.006
btu,0.024
mcf,0.024
deliveries,0.05
300,0.02
mmbtu,0.408
kri,0.014
net,0.04
kcs,0.03
5555,0.018
san,0.024
felipe,0.018
suite,0.022
1200,0.026
houston,0.062
tx,0.042
77056,0.018
page,0.038
964,0.022
9434,0.018
nd,0.038
41,0.02
schedule,0.044
end,0.07
mind,0.012
bridge,0.014
thursday,0.05
th,0.28
errors,0.014
must,0.056
clear,0.084
mass,0.002
draft,0.006
evening,0.024
accrual,0.01
begins,0.01
friday,0.072
morning,0.046
31,0.158
st,0.056
impacts,0.002
ensure,0.034
people,0.05
needed,0.088
holiday,0.018
contact,0.088
thank,0.082
35615,0.002
1431,0.01
aimee,0.12
92943,0.004
oct,0.018
unable,0.008
invoice,0.012
extended,0.026
resolved,0.028
could,0.124
days,0.116
lannou,0.058
27,0.098
k,0.194
log,0.004
name,0.034
home,0.03
pager,0.014
282,0.002
9084,0.002
764,0.002
5128,0.002
charlotte,0.064
hawkins,0.04
655,0.002
0952,0.002
506,0.002
4006,0.002
594,0.002
6562,0.002
698,0.004
7722,0.002
robert,0.198
lloyd,0.108
2808,0.002
5446,0.002
448,0.004
9067,0.002
200,0.024
8376,0.002
688,0.002
6186,0.002
8368,0.002
586,0.002
0910,0.002
761,0.004
8153,0.002
young,0.054
528,0.002
4562,0.002
990,0.004
6400,0.002
344,0.002
0991,0.002
2722,0.002
mandy,0.004
970,0.006
6561,0.002
8332,0.002
lyondell,0.044
citgo,0.028
latest,0.016
buyback,0.08
place,0.068
provision,0.004
ken,0.108
w,0.158
lamphier,0.04
kenneth,0.064
seaman,0.07
kristen,0.012
hanson,0.012
tina,0.008
valadez,0.006
notified,0.012
possibility,0.004
inform,0.01
status,0.04
reviewed,0.006
fuel,0.046
buy,0.04
gregg,0.01
lenart,0.01
sally,0.044
shuler,0.008
55,0.028
gpgfin,0.032
mitcham,0.004
james,0.034
prentice,0.004
kerry,0.004
roper,0.004
mark,0.038
diedrich,0.004
paul,0.016
fox,0.008
ecf,0.01
egp,0.004
fuels,0.058
co,0.03
sold,0.052
7,0.168
starting,0.022
50,0.074
ua,0.06
1441,0.008
97,0.052
falfurrias,0.008
resolving,0.006
oss,0.034
reference,0.016
find,0.056
cpr,0.026
089,0.032
41500,0.042
102,0.014
representing,0.004
amount,0.04
9448,0.004
8608,0.002
98,0.216
96731,0.004
enter,0.01
078,0.008
15631,0.002
462,0.002
spot,0.044
tickets,0.056
purchasing,0.012
producers,0.006
purchased,0.012
basis,0.02
entered,0.02
follow,0.044
price,0.106
engage,0.014
lp,0.012
5839,0.002
600,0.01
100,0.062
less,0.058
0,0.172
5848,0.002
5923,0.004
700,0.016
6801,0.002
gasper,0.002
rice,0.002
ltd,0.002
9810,0.002
prize,0.008
4028,0.002
4965,0.002
5121,0.002
800,0.012
6523,0.004
2630,0.002
90,0.008
258,0.002
whiting,0.002
petroleum,0.034
asked,0.036
search,0.002
essentially,0.002
incremental,0.01
delivered,0.02
received,0.046
executed,0.006
paper,0.014
coastal,0.002
documenting,0.002
gpm,0.002
sliding,0.002
scale,0.008
confirm,0.022
whether,0.022
generated,0.006
use,0.05
request,0.094
vlt,0.026
6353,0.024
pennzenergy,0.014
property,0.006
details,0.014
04,0.168
03,0.52
dscottl,0.022
com,0.498
56,0.04
devon,0.062
properties,0.002
stx,0.006
xls,0.21
miscellaneous,0.004
46,0.026
sorry,0.03
getting,0.046
answers,0.008
waskom,0.014
east,0.04
harrison,0.016
county,0.014
bryson,0.002
c,0.06
jeter,0.002
wells,0.014
termed,0.018
gathering,0.036
nwgg,0.004
june,0.022
2001,0.004
term,0.046
tetco,0.004
pool,0.036
virginia,0.004
used,0.05
associated,0.026
ngpl,0.01
several,0.036
years,0.03
ago,0.024
corpus,0.01
christi,0.01
ccgm,0.002
priced,0.012
ship,0.02
channel,0.03
jennings,0.012
line,0.11
couple,0.014
midcon,0.104
handle,0.032
another,0.048
sometimes,0.01
sell,0.038
kn,0.01
carthage,0.066
altra,0.018
picks,0.002
cartwheel,0.02
nominate,0.02
different,0.036
hub,0.012
except,0.018
allows,0.008
tracking,0.006
tgt,0.002
whiteboard,0.01
refers,0.002
ohio,0.002
takes,0.04
purge,0.008
old,0.054
event,0.016
think,0.082
29,0.112
edward,0.022
terry,0.02
katherine,0.026
kelly,0.026
bryce,0.03
baxter,0.03
randall,0.016
gay,0.02
clarify,0.008
age,0.01
date,0.122
n,0.024
limiting,0.002
25,0.134
trisha,0.002
benedicta,0.002
tung,0.002
mcmullan,0.002
dbas,0.002
reduce,0.018
qty,0.004
rows,0.002
gig,0.004
data,0.088
table,0.008
suggest,0.012
nightly,0.004
weekly,0.006
monthly,0.046
delete,0.004
row,0.014
mod,0.002
balances,0.006
february,0.174
around,0.044
one,0.216
else,0.038
desire,0.002
shorter,0.002
longer,0.024
period,0.034
audit,0.008
every,0.038
track,0.028
balance,0.032
edi,0.008
sched,0.002
quick,0.012
response,0.012
beginning,0.036
vacation,0.028
actually,0.014
country,0.008
21,0.188
absence,0.016
persons,0.002
problems,0.044
christine,0.002
pham,0.002
ext,0.014
34202,0.002
shawn,0.002
macphail,0.002
31837,0.002
796,0.002
4149,0.004
pages,0.004
oncall,0.004
personell,0.002
cellular,0.006
562,0.004
2458,0.002
person,0.022
carries,0.004
cell,0.006
phone,0.028
season,0.006
1428,0.016
beaumont,0.066
methanol,0.084
bmc,0.004
lee,0.052
accuracy,0.01
bought,0.016
intended,0.012
swing,0.07
brandywine,0.02
dorcheus,0.014
controlled,0.002
overs,0.002
unders,0.002
cover,0.032
07,0.122
papayoti,0.024
answer,0.03
show,0.08
pipeline,0.102
confirmed,0.022
agreed,0.022
says,0.03
second,0.02
per,0.116
notes,0.016
sends,0.01
sent,0.1
distribution,0.032
nothing,0.02
decide,0.01
clarification,0.008
chyral,0.01
final,0.01
resolution,0.004
position,0.056
directly,0.024
293,0.004
1789,0.004
hankins,0.006
chryal,0.002
tells,0.006
three,0.05
something,0.042
surprise,0.004
712,0.004
233,0.004
6558,0.004
calling,0.004
39,0.028
discrecpancy,0.002
noms,0.14
7159,0.008
33,0.024
verify,0.028
prod,0.002
discrepancy,0.004
copy,0.05
evergreen,0.04
gtc,0.024
firm,0.034
expire,0.002
93730,0.002
look,0.088
comments,0.018
provisions,0.01
roll,0.014
cokinos,0.012
9676,0.032
95912,0.008
expires,0.016
6373,0.004
128952,0.004
coral,0.008
4120,0.004
93883,0.004
single,0.006
transaction,0.066
check,0.054
trader,0.02
encina,0.004
6392,0.004
93487,0.004
yes,0.024
committed,0.016
reserve,0.01
marked,0.004
flag,0.014
midcoast,0.006
5097,0.004
92956,0.004
purchaser,0.004
united,0.01
5053,0.006
93728,0.004
wellhead,0.022
portfolio,0.006
terminated,0.026
legal,0.018
2540,0.006
93750,0.004
right,0.052
potential,0.02
head,0.036
aware,0.026
included,0.026
given,0.026
eog,0.012
hortense,0.002
polk,0.002
brayton,0.004
operating,0.034
drushell,0.002
jackson,0.006
possibly,0.004
9720,0.002
33321,0.008
receive,0.044
customer,0.034
file,0.146
changed,0.038
provided,0.014
scs,0.002
23,0.138
pretty,0.016
calls,0.01
costilla,0.006
walter,0.002
superior,0.016
said,0.042
complete,0.048
monday,0.064
traders,0.012
confident,0.006
good,0.056
however,0.08
noon,0.01
update,0.038
merry,0.002
pennzoil,0.006
avails,0.022
42,0.022
may,0.15
notice,0.04
valero,0.074
8018,0.032
1394,0.014
outages,0.004
incurred,0.004
locations,0.014
force,0.028
majure,0.01
situations,0.01
trigger,0.004
feature,0.006
seen,0.012
documentation,0.016
counterpart,0.004
secure,0.01
letter,0.01
hl,0.048
forgot,0.006
include,0.03
updated,0.034
mtd,0.002
jill,0.032
jac,0.004
209,0.002
correct,0.058
scada,0.028
1401,0.002
verbal,0.002
monitor,0.006
adjust,0.004
phillips,0.022
wanted,0.05
saying,0.006
booked,0.014
wrong,0.02
left,0.048
feeling,0.006
hearing,0.01
might,0.03
131054,0.002
131048,0.002
hear,0.03
hoping,0.002
ok,0.032
1512,0.01
involved,0.014
wondering,0.002
helped,0.002
mean,0.016
anthing,0.002
applied,0.01
92963,0.004
fact,0.006
125066,0.004
effect,0.014
asap,0.028
insure,0.012
october,0.012
1052,0.008
pasadena,0.002
6614,0.008
lehrer,0.002
del,0.01
maxey,0.002
walters,0.006
guy,0.006
rec,0.012
mktg,0.004
ocurring,0.002
assess,0.002
215,0.05
93035,0.002
start,0.042
130917,0.006
expected,0.012
vols,0.018
tell,0.032
9497,0.042
natural,0.038
company,0.098
nominates,0.016
requirements,0.03
egpfc,0.008
mtbe,0.008
morgan,0.018
misc,0.008
hhere,0.002
49,0.032
agua,0.01
dulce,0.012
gp,0.004
go,0.112
forms,0.008
gemc,0.01
tejas,0.038
thompsonville,0.014
points,0.038
tie,0.012
mops,0.034
transported,0.014
tivoli,0.006
kerr,0.012
mcgee,0.012
speak,0.014
form,0.038
sheet,0.008
column,0.018
titles,0.004
blacked,0.006
reads,0.004
come,0.072
koch,0.048
conflicting,0.004
853,0.018
9272,0.014
48,0.032
15000,0.004
usually,0.014
supply,0.05
affiliate,0.006
tomcat,0.02
base,0.038
occasionally,0.004
anadarko,0.004
hey,0.018
joe,0.004
got,0.038
regards,0.008
information,0.176
sourced,0.002
mi,0.002
587,0.002
km,0.006
long,0.048
ces,0.11
remembers,0.002
chooses,0.002
invoiced,0.008
approx,0.01
2395,0.002
written,0.008
pays,0.004
basket,0.002
indices,0.002
highest,0.002
index,0.012
risk,0.096
desk,0.102
structuring,0.002
probably,0.03
guess,0.014
belongs,0.006
black,0.018
marlin,0.016
blair,0.002
lichentwalter,0.002
7367,0.002
646,0.008
3201,0.004
370,0.002
1866,0.002
debbie,0.002
thompson,0.006
3144,0.002
today,0.096
rd,0.044
jim,0.036
tobacco,0.002
420,0.004
2159,0.002
505,0.002
599,0.004
2333,0.002
open,0.026
centana,0.01
william,0.022
spekels,0.002
627,0.008
6290,0.002
762,0.002
3450,0.002
donna,0.02
spencer,0.01
6255,0.002
888,0.008
204,0.004
1718,0.002
duke,0.042
annette,0.002
anderson,0.008
260,0.004
8603,0.002
949,0.002
3026,0.002
moseman,0.002
8698,0.002
thru,0.028
lonestar,0.008
gafford,0.002
214,0.006
670,0.002
2674,0.002
875,0.004
3810,0.002
2455,0.002
2456,0.002
northern,0.002
ben,0.004
markey,0.002
7581,0.002
446,0.004
9404,0.002
931,0.002
0398,0.002
charlie,0.002
mosey,0.002
1520,0.008
767,0.004
5366,0.002
paula,0.002
svehla,0.002
230,0.008
3569,0.002
mickey,0.002
chapman,0.002
3546,0.002
nachlinger,0.012
369,0.01
9284,0.002
9375,0.002
733,0.004
5954,0.002
steven,0.004
790,0.002
0255,0.002
4602,0.002
9200,0.002
moss,0.002
bluff,0.002
nat,0.008
delivery,0.128
location,0.026
pursuant,0.004
recent,0.018
drafted,0.006
suggested,0.008
language,0.012
pooling,0.012
abbreviation,0.004
hsc,0.052
sort,0.01
code,0.012
tbd,0.004
description,0.018
zone,0.056
elsa,0.022
approve,0.012
offer,0.018
regarding,0.05
content,0.024
returning,0.004
tuesday,0.058
steve,0.032
venturatos,0.014
operations,0.11
realize,0.016
many,0.048
working,0.072
smooth,0.004
truly,0.008
appreciate,0.022
kept,0.016
mainly,0.004
surprises,0.002
return,0.026
reached,0.012
leave,0.026
discretion,0.004
rather,0.018
surprised,0.002
877,0.002
497,0.004
3757,0.002
417,0.004
2995,0.002
920,0.004
2293,0.002
2294,0.002
dedication,0.002
hope,0.036
wonderful,0.004
safe,0.004
goes,0.022
tennessee,0.002
tailgate,0.016
suspect,0.006
locke,0.002
uses,0.004
ones,0.018
gulf,0.024
exclusively,0.008
charges,0.024
move,0.044
interconnects,0.006
split,0.022
connect,0.008
delhi,0.01
operationally,0.004
prefers,0.004
lower,0.018
pressure,0.014
higher,0.01
mustang,0.004
759,0.002
903,0.004
peoples,0.008
pick,0.006
785,0.002
leaves,0.002
assuming,0.012
895,0.002
fgt,0.002
nng,0.002
78581,0.002
onshore,0.002
maria,0.006
even,0.032
talks,0.004
anymore,0.002
tammi,0.002
provides,0.024
certainly,0.002
mike,0.03
landolt,0.004
britten,0.002
president,0.024
referring,0.002
offshore,0.002
sabine,0.002
pass,0.004
columns,0.004
appear,0.008
read,0.012
follows,0.026
pvr,0.006
avail,0.002
dbq,0.004
remainder,0.002
gathered,0.01
behind,0.012
443,0.002
round,0.006
bidweek,0.002
labeled,0.01
sole,0.004
typically,0.006
say,0.01
particular,0.006
rarely,0.002
shippling,0.002
always,0.042
john,0.038
hymel,0.002
way,0.05
prices,0.012
swings,0.004
individually,0.002
schedules,0.018
yet,0.036
understand,0.024
lunch,0.02
arrangements,0.024
royal,0.036
edmondson,0.036
reliantenergy,0.09
ever,0.026
mad,0.002
nice,0.004
real,0.032
busy,0.014
hpldecl,0.004
999,0.004
little,0.024
revision,0.018
huntsville,0.006
woodlands,0.01
conroe,0.008
11500,0.006
92,0.006
big,0.022
120000,0.004
480,0.002
50000,0.008
baumbach,0.006
rom,0.008
400,0.026
counties,0.008
types,0.006
faye,0.008
ellis,0.008
37,0.03
online,0.042
stacy,0.016
submitted,0.008
requests,0.014
sending,0.01
facility,0.014
type,0.022
direction,0.012
1043,0.002
mcfaddin,0.002
29320,0.002
504,0.002
440,0.008
552,0.01
garza,0.004
557,0.006
haynes,0.002
559,0.002
comitas,0.002
565,0.002
pdc,0.004
63,0.002
5553,0.002
greta,0.004
roc,0.002
5576,0.002
gpo,0.002
hall,0.016
zapata,0.004
tom,0.096
connor,0.01
refugio,0.002
hull,0.018
neal,0.014
winfree,0.006
maintenance,0.02
mornings,0.004
humble,0.02
lowered,0.004
pigging,0.002
estimates,0.022
total,0.052
422,0.002
696,0.004
laencantada,0.002
cowboy,0.002
697,0.002
rivers,0.046
18690,0.002
95,0.006
450,0.004
variances,0.012
appropriately,0.014
hpll,0.008
228,0.004
ed,0.01
upon,0.01
conversation,0.024
review,0.056
trade,0.004
components,0.002
require,0.012
forster,0.004
marcello,0.004
romano,0.004
approval,0.006
7342,0.004
ii,0.002
1505,0.002
destec,0.002
enerfin,0.002
1563,0.002
dupont,0.014
1019,0.002
equistar,0.018
1373,0.006
ethyl,0.002
albemarle,0.002
1188,0.004
exxon,0.038
1031,0.002
georgia,0.002
phibro,0.002
ref,0.002
shell,0.002
1060,0.002
occidental,0.002
battleground,0.002
1485,0.002
igs,0.002
dodge,0.006
street,0.014
1508,0.002
millennium,0.012
petro,0.006
polymer,0.002
1553,0.002
dale,0.01
neuner,0.008
villarreal,0.014
elizabeth,0.002
hernandez,0.002
jennifer,0.034
deboisblanc,0.004
denny,0.006
lon,0.006
indicates,0.008
initials,0.002
determined,0.012
forward,0.126
research,0.014
82269,0.002
002,0.004
southeastern,0.002
96,0.002
27182,0.002
esperanza,0.006
101,0.008
transactions,0.036
answered,0.006
started,0.014
later,0.02
valid,0.032
reason,0.012
instead,0.018
item,0.014
supplied,0.004
report,0.158
assigned,0.032
timeframe,0.002
difficult,0.004
records,0.024
occurred,0.002
unix,0.006
server,0.014
runs,0.002
proton,0.004
went,0.026
51,0.022
troy,0.054
benoit,0.054
47,0.026
egmnom,0.076
according,0.01
measurement,0.022
394,0.012
indicate,0.018
checked,0.024
mips,0.04
statement,0.018
supports,0.008
fed,0.024
whole,0.04
1998,0.02
seem,0.014
strange,0.008
ctpty,0.002
aquila,0.014
corporation,0.024
0584,0.002
pricing,0.032
065,0.002
143974,0.002
handled,0.018
updates,0.018
pat,0.122
eol,0.016
highlighted,0.004
machine,0.004
patient,0.002
highlight,0.004
yellow,0.002
missing,0.038
txu,0.02
oasis,0.026
paths,0.01
looks,0.018
revealed,0.002
quirk,0.002
suppression,0.002
non,0.018
correctly,0.036
determine,0.012
suppressed,0.002
fixed,0.022
affected,0.004
corrected,0.026
happen,0.018
screen,0.014
print,0.01
joanie,0.032
ngo,0.026
actuals,0.024
tap,0.008
60,0.034
74,0.006
bridgeback,0.01
error,0.04
transco,0.008
bammel,0.026
133,0.002
20783,0.002
20738,0.002
20787,0.002
20123,0.002
ps,0.004
6722,0.02
affect,0.01
referenced,0.034
dynegy,0.008
1800,0.004
baseload,0.02
cut,0.022
try,0.036
negotiate,0.004
outage,0.032
able,0.034
begin,0.026
producer,0.03
victoria,0.028
hanks,0.038
connie,0.014
sutton,0.014
clynes,0.09
solmonson,0.03
mckay,0.008
earl,0.008
tisdale,0.008
besancon,0.004
gco,0.016
rodney,0.01
rogers,0.004
shawna,0.006
flynn,0.008
completing,0.008
ins,0.004
replace,0.014
guadalupe,0.004
crossing,0.004
swinney,0.004
approximately,0.036
brought,0.008
986833,0.004
marks,0.004
common,0.012
989730,0.004
swickheimer,0.008
984056,0.004
cologne,0.004
985754,0.004
battle,0.004
fld,0.006
985982,0.004
coletto,0.004
creek,0.008
986063,0.004
mokeen,0.004
986140,0.004
989620,0.004
duty,0.014
984046,0.004
apache,0.004
985547,0.004
freeman,0.004
989664,0.004
talber,0.004
graham,0.014
986757,0.004
sheridan,0.004
985972,0.004
hughes,0.008
986668,0.004
pentex,0.004
985541,0.004
984724,0.004
horizons,0.004
984959,0.004
dynamic,0.004
985360,0.004
bnp,0.004
984143,0.004
hilcorp,0.004
984286,0.004
spindletop,0.004
985430,0.004
southern,0.01
989679,0.004
strand,0.004
989663,0.004
edge,0.008
985801,0.004
989629,0.004
986722,0.004
989736,0.004
berclair,0.004
989813,0.004
lucas,0.006
986725,0.004
986015,0.004
mider,0.004
985192,0.004
sarco,0.006
question,0.028
36449,0.01
jo,0.008
johnson,0.006
zivley,0.008
called,0.018
situation,0.024
minutes,0.014
specifically,0.008
employee,0.03
idea,0.01
maker,0.002
verbally,0.002
discussion,0.014
afternoon,0.032
forwarding,0.008
message,0.094
concerned,0.01
cody,0.006
64365,0.002
96018049,0.002
samson,0.002
lone,0.006
star,0.004
77555,0.002
105,0.008
96016761,0.002
73,0.002
70222,0.002
216,0.004
capacity,0.024
constraints,0.002
late,0.028
picked,0.008
spoke,0.014
larry,0.006
zamit,0.004
hold,0.026
batch,0.004
throughout,0.012
rest,0.026
007,0.004
minerals,0.004
establish,0.012
globla,0.002
96002441,0.002
assistance,0.016
donald,0.034
37008,0.004
extend,0.032
join,0.02
willingness,0.006
devote,0.002
weekend,0.032
continuing,0.01
story,0.004
spent,0.02
effort,0.028
smoothly,0.004
walther,0.004
excellent,0.004
preparing,0.006
plan,0.074
step,0.006
ena,0.112
employees,0.03
confidence,0.004
ability,0.018
usual,0.006
wish,0.006
happy,0.008
continually,0.002
privileged,0.004
dedicated,0.012
talented,0.004
accomplish,0.008
throught,0.002
gottlob,0.004
2050,0.002
hesitate,0.008
unresolved,0.036
agrees,0.002
lot,0.022
confusion,0.008
assignments,0.008
responsibilities,0.026
listing,0.012
addressed,0.016
quickly,0.01
none,0.004
unpathed,0.026
thought,0.026
dicsuss,0.002
services,0.108
september,0.012
stopped,0.008
pathed,0.056
lavaca,0.006
expense,0.054
offsystem,0.012
transports,0.012
1000,0.006
brokered,0.016
obvious,0.008
broker,0.012
stands,0.008
handling,0.022
industries,0.008
exception,0.018
viewed,0.006
enough,0.034
requirement,0.01
unsresolved,0.006
cannot,0.026
specific,0.016
mtr,0.026
6366,0.006
6203,0.006
amended,0.006
legally,0.006
covered,0.01
operational,0.032
shipper,0.006
wait,0.014
recollection,0.004
present,0.014
proceed,0.002
decisions,0.012
unassigned,0.008
hank,0.002
eisenhours,0.002
duties,0.004
mandey,0.004
undeveloped,0.002
cleanup,0.002
electronic,0.014
intrastate,0.002
pipes,0.014
found,0.032
address,0.054
logistics,0.066
rep,0.002
responsible,0.012
pathing,0.024
zones,0.004
seems,0.014
assumed,0.006
took,0.02
ranked,0.01
properly,0.012
double,0.006
industrials,0.018
nomed,0.012
service,0.06
rates,0.094
cash,0.028
rhonda,0.016
robinson,0.016
gregory,0.016
steagall,0.006
listed,0.022
heidi,0.032
okay,0.008
things,0.048
clean,0.02
workday,0.006
theresa,0.006
denver,0.008
looking,0.028
powder,0.008
reminder,0.01
xl,0.008
836,0.002
greg,0.02
reconciliation,0.008
reports,0.072
revenue,0.01
tgpl,0.002
till,0.006
reachable,0.002
385,0.002
7612,0.002
party,0.02
suggestions,0.006
completely,0.01
transitioned,0.002
660,0.004
produced,0.008
9813,0.004
earliest,0.004
convenience,0.002
96016884,0.002
reinhardt,0.024
stephanie,0.03
gomes,0.018
6004,0.006
firmed,0.002
0989813,0.002
confirms,0.002
looked,0.018
132030,0.002
starts,0.006
order,0.104
talk,0.022
express,0.01
heart,0.006
filled,0.006
successful,0.014
together,0.032
continues,0.002
winning,0.004
blessed,0.002
individuals,0.012
staffs,0.002
soul,0.002
outstanding,0.012
opinion,0.008
extra,0.012
mile,0.002
proud,0.004
successfully,0.004
survived,0.002
suspected,0.002
wants,0.018
unless,0.014
function,0.018
checks,0.004
capture,0.008
bring,0.024
attention,0.016
least,0.014
ground,0.002
subjects,0.002
offering,0.01
advise,0.02
entirely,0.006
980068,0.002
linked,0.002
76365,0.002
ended,0.002
spreadsheet,0.03
lastest,0.002
greatest,0.002
carefully,0.004
weird,0.002
happened,0.008
110,0.006
iferc,0.002
750,0.016
ls,0.002
katy,0.028
ic,0.002
58,0.05
59,0.012
remembered,0.002
test,0.016
actively,0.004
testing,0.006
prepare,0.01
limited,0.018
schedulers,0.022
walkthru,0.002
features,0.012
comfortable,0.002
performance,0.016
migrate,0.002
adequate,0.002
adjustment,0.004
bid,0.01
migrated,0.004
selected,0.008
security,0.01
heather,0.016
designated,0.002
room,0.04
projector,0.002
2186,0.004
lake,0.054
city,0.014
gate,0.004
without,0.022
1375,0.002
2532,0.002
5952,0.002
assume,0.006
captured,0.004
rick,0.006
ward,0.002
manages,0.006
693,0.014
2813,0.002
accounts,0.016
en,0.004
republic,0.004
royalty,0.004
sells,0.006
pdn,0.012
ccng,0.002
brazos,0.002
368,0.002
spinnaker,0.006
dow,0.006
various,0.014
sandtrap,0.002
plains,0.004
1063,0.006
researched,0.01
kinds,0.002
items,0.02
expensed,0.004
invoices,0.02
mobile,0.004
travel,0.016
passed,0.014
barbara,0.004
lewis,0.004
35085,0.002
bl,0.002
635,0.006
class,0.016
taught,0.006
extremely,0.01
valuable,0.002
handouts,0.002
material,0.006
heard,0.014
positive,0.004
feedback,0.018
appreciated,0.002
love,0.034
ya,0.016
miss,0.008
blue,0.012
dolphin,0.008
eventually,0.008
galveston,0.002
250,0.006
gd,0.014
plus,0.008
tsp,0.002
dehy,0.004
138,0.002
agency,0.002
jean,0.004
bdpl,0.004
123,0.002
064,0.002
gtsa,0.002
015,0.024
mei,0.002
056,0.002
da,0.002
brazoria,0.002
whatever,0.016
208,0.002
samedan,0.002
operates,0.006
janene,0.002
shipp,0.002
580,0.002
221,0.002
davenport,0.002
227,0.004
7660,0.004
krinke,0.002
application,0.05
earlier,0.02
historical,0.012
deadline,0.006
responses,0.008
fill,0.03
area,0.016
consolidate,0.01
perspective,0.006
lets,0.012
challenged,0.004
superty,0.034
sheri,0.02
thomas,0.02
friedman,0.016
klein,0.012
georgeanne,0.01
hodges,0.01
inja,0.012
chun,0.012
brent,0.028
lawrence,0.006
daze,0.008
jpeeple,0.004
columbienergy,0.004
burchfield,0.018
systems,0.044
required,0.016
document,0.026
liable,0.004
pre,0.006
assist,0.008
arise,0.008
ball,0.004
rolling,0.006
letting,0.006
samples,0.01
names,0.008
hired,0.004
pam,0.004
sample,0.006
printed,0.006
addition,0.03
users,0.008
logonid,0.004
access,0.062
cdeaton,0.004
peeples,0.008
jeff,0.026
licarione,0.02
gms,0.026
2845,0.004
2597,0.004
clay,0.022
deaton,0.016
columbiagas,0.032
210,0.006
bit,0.018
analysis,0.014
denoted,0.004
filename,0.004
master,0.004
mdb,0.004
rburchf,0.008
respond,0.004
csulliv,0.004
bprice,0.004
groups,0.03
finalized,0.008
lists,0.006
applications,0.018
others,0.022
become,0.012
manage,0.008
easier,0.01
knows,0.01
kind,0.016
reportlisting,0.004
header,0.018
columbia,0.004
history,0.016
shop,0.008
physical,0.024
imbalances,0.006
helps,0.008
large,0.004
asset,0.014
folks,0.006
technology,0.012
beck,0.016
larrissa,0.002
sharma,0.002
anthony,0.006
dayao,0.002
jpeople,0.002
columbiaenergy,0.002
beth,0.006
perlman,0.004
philippe,0.004
bibi,0.004
summarizes,0.002
user,0.016
joint,0.006
transfered,0.002
files,0.012
accessed,0.002
produce,0.002
isdn,0.002
building,0.008
joined,0.006
member,0.008
loaded,0.004
edms,0.004
proper,0.006
indexing,0.002
manupulating,0.002
downloading,0.002
spreadsheets,0.008
disk,0.002
57,0.032
pls,0.002
accepted,0.004
proposal,0.008
dan,0.014
hyvl,0.008
53,0.026
brotherss,0.002
ot,0.002
treat,0.006
pulling,0.006
minimum,0.016
estimated,0.02
celanese,0.006
1233,0.006
undertake,0.002
excess,0.026
fulfill,0.002
entire,0.01
accountant,0.002
causing,0.014
difficulties,0.006
plants,0.002
purchases,0.026
broken,0.01
consent,0.002
aim,0.004
recommendation,0.002
fine,0.006
fall,0.01
mid,0.04
billed,0.012
yo,0.012
bro,0.002
save,0.016
aggie,0.006
chico,0.002
hotmail,0.04
lacy,0.01
private,0.02
http,0.044
www,0.044
password,0.014
dfarmer,0.024
stack,0.002
product,0.012
tara,0.006
34523,0.004
copano,0.066
treated,0.004
seperately,0.004
created,0.036
accordingly,0.014
148376,0.02
148382,0.008
148381,0.014
148390,0.004
148391,0.004
148396,0.004
repath,0.004
renom,0.006
reallocate,0.016
cox,0.006
exploration,0.008
125836,0.002
pg,0.098
hydorcarbons,0.002
upstream,0.012
pgeh,0.002
adjusting,0.004
interconnect,0.02
catch,0.004
side,0.03
appeared,0.002
continued,0.016
tried,0.004
state,0.006
ask,0.008
reverify,0.002
level,0.018
realized,0.002
tribo,0.004
interest,0.008
flowed,0.058
mention,0.002
concerning,0.008
focus,0.018
stated,0.004
industrial,0.032
thus,0.01
correspondence,0.004
clue,0.01
mas,0.002
finish,0.006
stuff,0.012
refer,0.002
personal,0.006
belief,0.002
ready,0.016
full,0.016
often,0.008
teacher,0.002
far,0.018
game,0.006
endeavors,0.002
thinking,0.004
along,0.014
lines,0.004
fence,0.002
strong,0.002
case,0.038
favor,0.002
changing,0.004
nominating,0.002
confirming,0.004
dissipates,0.002
knowledge,0.006
factor,0.01
accomplishment,0.002
market,0.03
intent,0.002
accurately,0.006
depicted,0.002
concentrate,0.002
correctness,0.002
client,0.002
immensely,0.002
skill,0.002
rises,0.002
gradually,0.002
feed,0.004
hopes,0.002
better,0.03
overhaul,0.002
picture,0.006
fast,0.008
segments,0.002
mastered,0.002
explain,0.01
activity,0.07
quite,0.004
alright,0.002
listening,0.002
attl,0.02
htm,0.022
internal,0.012
guest,0.006
passowrd,0.002
website,0.002
enrononline,0.004
76371,0.002
welcome,0.014
upper,0.002
decrease,0.006
142509,0.002
dth,0.004
855,0.002
054,0.002
67509,0.002
867,0.002
689,0.004
8740,0.028
307062,0.002
188,0.002
252,0.002
sept,0.002
allocatable,0.002
8693,0.002
986240,0.004
el,0.032
campon,0.002
shanghai,0.002
leak,0.002
lateral,0.002
edna,0.002
repairs,0.012
rankings,0.01
source,0.022
destination,0.014
region,0.006
desks,0.016
opposed,0.006
enabling,0.002
default,0.004
ranking,0.006
prevent,0.004
entry,0.014
nommenson,0.002
interested,0.01
worth,0.01
putting,0.008
followup,0.01
verified,0.008
figured,0.006
assignement,0.004
upcoming,0.008
release,0.012
unavailable,0.002
fri,0.02
cst,0.01
sun,0.004
conversion,0.004
checkout,0.002
parallel,0.01
tue,0.004
environment,0.008
hot,0.004
view,0.018
plenty,0.002
staff,0.022
largest,0.002
convert,0.002
shortened,0.002
impacted,0.006
lack,0.006
forthcoming,0.002
hotline,0.002
37049,0.002
scott,0.026
mills,0.014
33548,0.004
initiative,0.008
counting,0.002
seniors,0.006
expect,0.016
accomplished,0.006
babysitter,0.002
mackinnon,0.002
fw,0.024
quips,0.002
remember,0.024
amateurs,0.002
built,0.008
ark,0.002
professionals,0.004
titanic,0.002
conscience,0.002
hurts,0.004
feels,0.002
cheap,0.004
exceeds,0.002
demand,0.016
stupidity,0.002
mess,0.006
grand,0.008
divorce,0.002
hundred,0.002
run,0.014
sit,0.006
politicians,0.002
diapers,0.002
thing,0.024
regularly,0.004
optimist,0.002
thinks,0.01
world,0.026
pessimist,0.002
fears,0.002
true,0.012
death,0.004
taxes,0.012
worse,0.002
accept,0.008
ideas,0.014
readily,0.004
benjamin,0.002
franklin,0.002
fight,0.002
principles,0.004
live,0.016
nowhere,0.002
interesting,0.008
pay,0.02
indecision,0.002
flexibility,0.006
cutting,0.002
broke,0.004
fix,0.014
odder,0.002
procrastinator,0.002
never,0.034
dijon,0.002
vu,0.002
mustard,0.002
nutritional,0.002
overachiever,0.002
inferiority,0.002
complex,0.004
money,0.004
experience,0.02
living,0.01
forever,0.006
shape,0.006
afraid,0.006
heights,0.002
widths,0.002
practice,0.002
eating,0.002
condiments,0.002
sunshine,0.002
night,0.018
kleptomania,0.002
gets,0.014
bad,0.012
marriage,0.002
outlawed,0.002
outlaws,0.002
laws,0.002
perfectionist,0.002
parents,0.002
though,0.016
life,0.024
endless,0.002
struggle,0.002
frustrations,0.004
challenges,0.006
hair,0.004
stylist,0.002
sensation,0.002
rocking,0.002
chair,0.002
roller,0.002
coaster,0.002
mysteries,0.002
pound,0.002
box,0.02
candy,0.002
woman,0.006
gain,0.036
five,0.01
pounds,0.002
frustrating,0.002
nobody,0.002
bothers,0.002
art,0.004
unsaid,0.002
tempting,0.002
moment,0.006
healer,0.002
lousy,0.002
beautician,0.002
brain,0.004
cells,0.012
fat,0.002
wisdom,0.002
comes,0.008
alone,0.002
forty,0.002
laughing,0.004
grow,0.006
reply,0.014
mutual,0.002
rollout,0.004
walk,0.004
demo,0.004
functionality,0.004
managers,0.014
representative,0.008
calgary,0.008
revisions,0.004
requested,0.024
network,0.032
tibco,0.004
install,0.006
including,0.034
terminal,0.004
desired,0.004
related,0.024
stage,0.004
filter,0.002
closed,0.004
app,0.002
msg,0.002
met,0.01
comparison,0.006
showed,0.004
helping,0.008
choate,0.014
sweeny,0.002
reallocated,0.006
panenergy,0.076
revisit,0.008
4045,0.026
34000,0.004
july,0.03
displacement,0.004
rebekah,0.02
seales,0.02
whomever,0.008
balanced,0.006
ccmail,0.004
mkt,0.004
55397,0.004
64749,0.008
57065,0.004
away,0.028
rs,0.008
renominating,0.004
sooner,0.004
info,0.014
philips,0.004
paying,0.018
tranport,0.004
984045,0.004
8743,0.002
discrepancies,0.01
145833,0.002
60000,0.002
35000,0.002
70000,0.004
80000,0.002
3125,0.002
3100,0.002
20000,0.01
30000,0.004
31375,0.002
63000,0.002
majeure,0.012
ricky,0.004
archer,0.004
penalty,0.006
undertakes,0.002
letters,0.006
8420,0.002
short,0.02
2256,0.004
7214,0.004
2527,0.004
3537,0.004
7058,0.004
4776,0.004
4465,0.004
264,0.004
aggregate,0.006
charge,0.026
1554,0.006
pipelines,0.012
decision,0.004
shippers,0.004
allocates,0.002
shortage,0.002
allowed,0.002
makeup,0.002
apply,0.01
toward,0.002
tolerance,0.002
thoughts,0.006
sitting,0.012
disappointed,0.002
pissed,0.002
honestly,0.002
man,0.018
word,0.004
link,0.01
builder,0.002
links,0.008
play,0.006
mr,0.006
coached,0.002
predictable,0.002
hung,0.004
7694,0.004
attachement,0.002
added,0.016
39680,0.002
past,0.02
vol,0.006
4000,0.01
showing,0.026
jano,0.004
difference,0.012
actual,0.018
2500,0.002
3509,0.002
3519,0.002
3530,0.002
3533,0.002
6822,0.002
9544,0.002
vidor,0.004
cg,0.006
190,0.002
6105,0.002
mmcf,0.016
4870,0.002
1237,0.002
89,0.008
hempstead,0.002
rtu,0.01
819,0.002
186,0.002
hplol,0.012
rincon,0.004
came,0.014
koontz,0.002
kutcha,0.002
gu,0.002
9673,0.002
reflect,0.032
aforementioned,0.006
samantha,0.004
interview,0.01
candidate,0.002
mccoy,0.004
9281,0.004
outside,0.006
briefing,0.002
benefits,0.014
employed,0.002
jury,0.008
35578,0.002
resume,0.01
mmccoy,0.004
3617,0.004
aol,0.022
sincerely,0.008
mresume,0.002
analysts,0.024
shannon,0.014
requesting,0.006
talked,0.01
specifics,0.004
33853,0.002
analyst,0.028
rotating,0.006
resumes,0.002
interviewed,0.002
occur,0.002
assets,0.036
trading,0.066
gastexas,0.006
martin,0.01
indicated,0.012
buckets,0.004
protected,0.006
consequently,0.004
rcl,0.002
160,0.002
origin,0.002
gaseast,0.002
correction,0.008
correcting,0.002
version,0.034
project,0.03
newco,0.002
global,0.068
recognizing,0.004
,0.19
increasing,0.006
worldwide,0.008
presence,0.002
wholesale,0.012
controls,0.01
activities,0.028
regardless,0.004
vice,0.012
role,0.028
causey,0.004
executive,0.016
chief,0.008
officer,0.008
regard,0.01
mirror,0.002
recently,0.002
functions,0.008
closely,0.01
geographic,0.002
regions,0.01
companies,0.038
entity,0.006
receives,0.006
individualized,0.002
regional,0.006
focusing,0.002
enhance,0.008
among,0.01
proliferation,0.002
practices,0.004
globe,0.006
facilitate,0.006
human,0.008
shared,0.006
oversee,0.002
creation,0.004
procedures,0.008
opening,0.002
offices,0.004
benchmarks,0.002
measuring,0.002
direct,0.006
reporting,0.012
relationship,0.004
unit,0.018
collaborate,0.002
sue,0.004
frusco,0.002
leadership,0.004
australia,0.002
retains,0.002
chairman,0.006
1997,0.004
consolidation,0.004
administration,0.012
commodity,0.004
derivatives,0.004
financial,0.076
products,0.016
1992,0.002
credit,0.006
joining,0.012
four,0.002
banker,0.002
seven,0.01
registered,0.002
securities,0.002
principal,0.002
investment,0.008
banking,0.01
owned,0.012
managed,0.002
retail,0.006
supporting,0.006
coordination,0.002
gates,0.004
71,0.008
769,0.006
placing,0.004
rolled,0.016
specified,0.004
noted,0.004
1534,0.01
95541,0.004
6563,0.004
wasl,0.004
203,0.01
26511,0.004
130913,0.004
killed,0.014
1487,0.004
9758,0.004
96026573,0.026
133088,0.004
9651,0.006
51491,0.004
136744,0.004
9789,0.006
108246,0.006
5789,0.004
26569,0.004
6855,0.004
94120,0.004
6725,0.016
kwas,0.004
138332,0.004
4548,0.004
94147,0.004
989614,0.014
heads,0.022
explained,0.002
causes,0.004
solution,0.018
unfortanuately,0.002
partially,0.002
reserves,0.016
etoco,0.006
9614,0.002
9672,0.002
generate,0.004
gotten,0.002
matter,0.004
flowing,0.022
35796,0.002
prompt,0.002
six,0.006
apprise,0.006
completed,0.01
referencing,0.004
acton,0.044
red,0.006
renegotiate,0.004
151694,0.004
craig,0.004
faulbaum,0.002
151669,0.01
151666,0.002
copanos,0.004
insert,0.002
distribute,0.008
budget,0.014
reviewing,0.01
budgets,0.004
copies,0.012
compile,0.002
cousino,0.036
yvette,0.042
5953,0.014
brian,0.09
briefly,0.002
copied,0.004
breaking,0.002
smaller,0.004
chnages,0.002
approved,0.002
explanations,0.002
includes,0.016
rc,0.09
teams,0.018
logic,0.002
consider,0.008
development,0.016
hurricane,0.008
coffey,0.008
rocky,0.006
mountain,0.006
originations,0.004
nelson,0.02
schwieger,0.002
transportation,0.016
although,0.004
worksheet,0.01
breakdown,0.004
heinrich,0.026
shults,0.006
sheila,0.01
glover,0.028
pleus,0.012
todd,0.016
stephen,0.014
schwarz,0.012
contain,0.004
percentages,0.01
described,0.002
owner,0.004
percentage,0.006
allocatated,0.002
inserted,0.002
portion,0.006
origination,0.006
avoid,0.008
returned,0.01
itinerary,0.006
gail,0.002
francis,0.004
ray,0.002
alexus,0.002
rhone,0.002
conflicts,0.004
imbalance,0.072
ducote,0.002
eric,0.008
bass,0.008
91,0.008
297,0.008
april,0.018
41991,0.002
004,0.002
shorted,0.002
cleared,0.008
remains,0.014
ifhsc,0.004
compatible,0.002
watch,0.004
whoever,0.002
happens,0.004
ferries,0.006
willie,0.006
dvn,0.004
schockling,0.002
williams,0.004
chad,0.022
cass,0.022
operator,0.004
learned,0.004
240,0.002
acknowledged,0.002
existed,0.002
parties,0.02
seemed,0.008
prove,0.002
grew,0.002
120,0.004
bringing,0.004
395,0.004
disagrees,0.002
overage,0.002
recognize,0.002
exists,0.002
payback,0.002
availabe,0.002
factored,0.002
turning,0.004
agent,0.004
communicates,0.002
coordinates,0.002
adjusted,0.002
commences,0.002
strive,0.002
reconcile,0.002
2581,0.002
bridgeline,0.024
tollefsen,0.002
arshak,0.004
sarkissian,0.002
keith,0.002
dziadek,0.002
ees,0.004
fussell,0.004
consemiu,0.008
de,0.004
valcourt,0.002
ferrara,0.002
wrighcs,0.002
wanda,0.008
curry,0.004
harold,0.002
bertram,0.002
shiring,0.002
shonnie,0.002
daniel,0.002
combining,0.004
lrc,0.014
summary,0.014
combined,0.006
ownership,0.002
jv,0.012
agreements,0.004
providing,0.014
perhaps,0.006
relocated,0.002
floor,0.012
center,0.01
permanent,0.014
march,0.19
orders,0.004
ongoing,0.002
costs,0.076
trying,0.018
cracks,0.002
pc,0.022
ordering,0.004
networks,0.006
coordinating,0.006
eb,0.022
nailed,0.002
combination,0.006
phones,0.008
lucent,0.002
stenfons,0.002
amtels,0.004
waiting,0.01
chris,0.014
larson,0.002
facilities,0.026
half,0.006
empty,0.002
wall,0.008
cubes,0.004
build,0.008
low,0.006
dump,0.004
defines,0.002
entities,0.004
portfolios,0.002
interface,0.01
pop,0.008
carryn,0.002
wright,0.004
defining,0.002
implement,0.008
efm,0.006
redirected,0.002
meantime,0.004
merged,0.002
manual,0.01
interfaces,0.002
communications,0.018
communicate,0.008
leased,0.002
bridgelines,0.002
microwave,0.004
switching,0.004
purposes,0.006
defined,0.002
ledoux,0.002
hourly,0.004
utility,0.028
depending,0.004
enhancements,0.004
processes,0.008
billing,0.006
topics,0.002
6858,0.002
306,0.002
actualized,0.004
259,0.002
093,0.002
greater,0.008
max,0.008
248,0.002
301,0.002
vm,0.006
structures,0.004
callouts,0.002
external,0.02
overview,0.006
accomodatable,0.002
major,0.004
customers,0.028
special,0.034
jobs,0.004
connevey,0.016
attending,0.004
count,0.002
topic,0.002
3749,0.004
0001,0.004
hrs,0.006
turnaround,0.004
weeks,0.028
economics,0.012
rescheduling,0.004
usecase,0.006
enom,0.012
mtg,0.014
weatherstone,0.008
poellinger,0.004
montagne,0.004
guadarrama,0.004
jay,0.006
webb,0.004
cindy,0.006
cicchetti,0.004
cancelled,0.006
2601,0.004
reschedule,0.01
gmt,0.07
pertinent,0.004
9814,0.012
oooops,0.002
riley,0.026
rotate,0.002
paged,0.002
708,0.002
0117,0.002
beamont,0.004
everybody,0.004
background,0.004
station,0.008
feeds,0.004
downstream,0.002
terra,0.002
loop,0.002
cause,0.016
obviously,0.002
course,0.006
emergency,0.002
keeping,0.012
identified,0.016
maintain,0.01
reasonable,0.004
bridged,0.004
differently,0.008
exact,0.004
guidance,0.002
6673,0.004
advised,0.008
preliminary,0.004
collecting,0.004
alert,0.004
talking,0.01
driving,0.008
experienced,0.004
performing,0.01
stock,0.034
surpassed,0.004
appreciation,0.008
commitment,0.006
eligible,0.004
regular,0.008
payroll,0.018
wholly,0.01
options,0.034
option,0.024
award,0.008
certificate,0.004
means,0.024
exercise,0.008
vest,0.004
percent,0.014
feb,0.214
subsequent,0.006
thereafter,0.004
fully,0.014
vested,0.004
accordance,0.004
terms,0.008
plans,0.014
documents,0.006
varying,0.004
international,0.01
restrictions,0.004
legalities,0.004
certain,0.008
recognition,0.008
local,0.008
visit,0.036
frequently,0.006
lay,0.008
ip,0.006
tv,0.01
sound,0.008
card,0.006
transcript,0.004
encounter,0.004
technical,0.006
broadband,0.026
celebrate,0.002
occasion,0.002
plaza,0.002
java,0.002
located,0.002
coffee,0.004
krispy,0.002
kreme,0.002
donuts,0.002
quantities,0.004
greatwood,0.004
connection,0.006
gw,0.004
rosenberg,0.002
rb,0.002
1500,0.006
dy,0.002
results,0.008
im,0.014
central,0.022
systematically,0.004
remaining,0.016
assumptions,0.004
expressed,0.006
converted,0.002
imagine,0.004
ending,0.004
creating,0.012
srm,0.002
mobil,0.044
crude,0.002
units,0.006
adiitional,0.002
coker,0.002
febo,0.008
115,0.008
1576,0.002
1040,0.006
106736,0.002
maybe,0.03
bve,0.002
administrator,0.002
senior,0.014
advisor,0.004
american,0.004
advisors,0.004
paced,0.002
competitive,0.002
salary,0.016
fabulous,0.002
learning,0.002
opportunities,0.004
unlimited,0.002
growth,0.002
planning,0.01
tasks,0.002
appointments,0.004
clients,0.01
corporate,0.014
supplies,0.004
typing,0.002
byron,0.002
cfp,0.002
clu,0.002
chfc,0.002
town,0.006
1450,0.008
robbins,0.002
dr,0.002
77380,0.002
367,0.002
8658,0.002
364,0.002
9628,0.002
felmont,0.002
terminating,0.002
139066,0.002
139068,0.002
bush,0.002
meers,0.002
maritta,0.002
mullet,0.002
elliott,0.002
nowlan,0.002
fred,0.076
boas,0.04
92886,0.002
octanes,0.002
gentlemen,0.002
141877,0.004
141883,0.002
141884,0.004
midstream,0.008
kmid,0.002
zeroed,0.012
141833,0.002
156256,0.002
assign,0.002
mtpl,0.002
ac,0.008
est,0.01
knox,0.012
westmoreland,0.012
65,0.024
dry,0.004
512,0.008
576,0.01
1005,0.008
retiree,0.004
tax,0.016
1099,0.004
mailed,0.008
writing,0.002
duplicate,0.004
authorized,0.002
signature,0.002
specify,0.002
sign,0.008
mailing,0.004
social,0.004
1667,0.002
77002,0.002
3755,0.002
processed,0.006
ginger,0.004
sinclair,0.002
9567,0.002
detailed,0.01
6240,0.002
295,0.002
decatherms,0.006
versus,0.002
148923,0.002
copanno,0.004
assured,0.004
hectic,0.002
irons,0.002
fire,0.002
priority,0.008
wed,0.006
thurs,0.008
toss,0.002
expectation,0.002
hate,0.01
pest,0.002
value,0.018
paltry,0.002
tues,0.002
plug,0.002
pulled,0.008
formal,0.004
goodbys,0.002
respects,0.002
fadeout,0.002
ajello,0.002
wendy,0.002
crump,0.002
andrew,0.002
wilson,0.012
glenn,0.002
mackey,0.002
rescheduled,0.002
retroactive,0.002
janice,0.002
small,0.018
1165,0.002
1266,0.006
1552,0.002
detect,0.002
shot,0.006
chuckle,0.004
incorrect,0.01
218,0.002
147092,0.004
tiered,0.004
5000,0.008
storage,0.054
injection,0.006
159640,0.002
depended,0.002
eastrans,0.08
cotton,0.056
valley,0.056
04604902,0.002
986462,0.002
license,0.01
study,0.008
fricken,0.004
exam,0.004
hell,0.006
died,0.004
opened,0.008
envelope,0.004
rusty,0.018
barely,0.004
door,0.004
original,0.036
camille,0.01
davis,0.01
mailto,0.012
kcdavis,0.004
pdq,0.004
eye,0.006
weather,0.012
winter,0.006
cap,0.006
towards,0.002
approaching,0.002
550,0.01
charged,0.032
exceed,0.006
tend,0.004
differ,0.002
wade,0.002
supervisor,0.002
tel,0.002
405,0.004
4721,0.002
wadeg,0.002
broadway,0.002
oklahoma,0.002
73102,0.002
8260,0.002
4550,0.002
obligations,0.002
jeffrey,0.008
hodge,0.002
tricia,0.002
bowen,0.002
sever,0.004
dana,0.002
daigle,0.002
marlene,0.002
hilliard,0.002
sylvia,0.004
campos,0.006
victor,0.002
lamadrid,0.002
irena,0.004
hogan,0.004
fault,0.002
teaching,0.002
supplemental,0.002
talents,0.002
involves,0.002
forget,0.002
simple,0.006
personally,0.004
carry,0.002
torch,0.038
awaited,0.004
arriving,0.002
peace,0.002
park,0.006
ride,0.006
attaching,0.004
backscreen,0.002
impression,0.002
reversing,0.002
offsetting,0.004
previous,0.006
insight,0.004
113858,0.002
93779,0.002
138094,0.002
120866,0.002
138544,0.004
139661,0.002
bridges,0.002
buildings,0.004
stay,0.03
classes,0.016
congrats,0.004
eit,0.002
rochelle,0.002
cheryl,0.014
kubin,0.002
ngccorp,0.004
fenny,0.002
cl,0.004
calendar,0.008
luncheon,0.002
9680,0.002
withdrawals,0.004
vonda,0.006
kinsey,0.016
9794,0.004
saxet,0.006
receiving,0.026
seek,0.004
154608,0.004
138572,0.004
pbas,0.004
discusssed,0.002
union,0.024
thamm,0.004
9823,0.002
geologists,0.008
forecast,0.008
road,0.028
q,0.016
choose,0.002
web,0.052
ebs,0.004
subsidiary,0.006
leader,0.008
bandwidth,0.012
announced,0.008
resource,0.006
individual,0.01
investors,0.008
provider,0.006
brokeriq,0.004
epowered,0.01
cast,0.012
intelligent,0.016
ein,0.006
streaming,0.014
video,0.016
speeds,0.002
faster,0.006
public,0.014
internet,0.054
industry,0.006
hirko,0.002
ceo,0.006
visionary,0.002
serve,0.008
desktop,0.002
unparalleled,0.002
clarity,0.002
integrated,0.002
media,0.006
xvenue,0.002
platform,0.008
offers,0.016
personalized,0.002
webcast,0.002
broadly,0.002
streams,0.004
presentations,0.01
audiences,0.004
professional,0.006
fastest,0.002
richest,0.002
viewing,0.006
experiences,0.002
educated,0.002
trey,0.002
fecteau,0.002
advanced,0.002
solutions,0.01
flagship,0.002
brokers,0.002
firms,0.008
fingertips,0.002
utilize,0.002
clips,0.004
brokercity,0.002
golf,0.02
resorts,0.002
courses,0.002
estate,0.002
equipment,0.02
golftv,0.002
desktops,0.002
frederic,0.002
storaska,0.002
enjoy,0.012
opportunity,0.008
advantage,0.004
reserved,0.002
dealers,0.002
banks,0.002
brokerages,0.002
investor,0.002
relations,0.004
conduct,0.004
virtual,0.002
stream,0.006
websites,0.002
powerful,0.002
intranet,0.004
news,0.008
audience,0.002
average,0.012
kilobits,0.002
kbps,0.002
distributed,0.006
architecture,0.002
pure,0.004
protocol,0.002
embedded,0.002
software,0.028
intelligence,0.002
sets,0.002
apart,0.002
enhanced,0.002
hop,0.002
closest,0.002
result,0.004
contrast,0.002
businesses,0.006
hampered,0.002
packet,0.002
loss,0.006
interference,0.002
disruptions,0.002
slow,0.008
transmission,0.004
compromise,0.002
formerly,0.002
leading,0.008
model,0.006
combines,0.002
power,0.042
intermediation,0.002
fundamentally,0.002
improve,0.004
introduces,0.002
developers,0.002
dynamically,0.002
providers,0.002
demands,0.004
increasingly,0.002
nyse,0.004
ene,0.006
electricity,0.008
billion,0.006
produces,0.004
develops,0.004
constructs,0.004
delivers,0.004
commodities,0.004
developing,0.004
traded,0.004
ticker,0.004
symbol,0.004
chase,0.034
manhattan,0.006
bank,0.002
york,0.004
cmb,0.002
ten,0.002
million,0.004
860,0.002
nationwide,0.002
branches,0.002
centers,0.002
annual,0.002
multiple,0.004
overall,0.006
infrastructure,0.004
upgrades,0.002
designed,0.002
improvements,0.002
efficiency,0.002
institutions,0.006
administrative,0.004
lou,0.002
pai,0.002
effectively,0.006
enables,0.002
growing,0.004
example,0.01
discipline,0.002
shareholders,0.002
liz,0.002
demonstrates,0.002
effectiveness,0.002
organization,0.014
406,0.002
premier,0.002
countries,0.002
tier,0.002
markets,0.002
corporations,0.004
government,0.002
middle,0.006
relationships,0.002
consumers,0.008
across,0.01
states,0.004
cards,0.012
mortgages,0.002
debit,0.002
deposit,0.002
auto,0.002
loans,0.002
newly,0.002
formed,0.002
models,0.002
economy,0.01
announcement,0.004
billions,0.002
dollars,0.006
subsidiaries,0.002
venture,0.008
historically,0.004
conducted,0.004
highly,0.006
fragmented,0.002
decentralized,0.002
manner,0.006
allowing,0.012
optimizes,0.002
implementation,0.008
sap,0.01
profound,0.002
explosion,0.002
technologies,0.002
aggregating,0.004
goods,0.002
strategically,0.002
sourcing,0.008
savings,0.004
extracted,0.002
formation,0.01
profitable,0.002
commerce,0.004
strategic,0.016
initiatives,0.004
underway,0.002
partner,0.002
objective,0.002
gives,0.002
pleasure,0.004
announce,0.006
wasaff,0.002
managing,0.012
director,0.008
mcconnell,0.002
fourteen,0.002
positions,0.01
interim,0.002
elektro,0.002
transportadora,0.002
sur,0.002
tgs,0.002
1995,0.004
numerous,0.002
mexico,0.006
transwestern,0.002
congratulating,0.006
475,0.002
mar,0.074
350,0.002
fom,0.002
revved,0.002
eyes,0.004
114099,0.002
92918,0.002
revising,0.002
disregard,0.002
fogotten,0.002
97929,0.004
bruce,0.046
mcmills,0.038
briley,0.016
gcs,0.04
cec,0.04
pec,0.15
speckels,0.016
cherry,0.016
easttexas,0.026
pefs,0.042
equates,0.004
redelivered,0.008
curtains,0.008
almost,0.006
finished,0.004
mon,0.002
borrow,0.002
car,0.002
post,0.01
closes,0.004
hick,0.002
buttons,0.004
tonya,0.012
competition,0.002
sat,0.004
plano,0.002
shane,0.008
routines,0.002
gotta,0.004
comp,0.004
kinda,0.002
messed,0.002
cole,0.01
hug,0.002
abbott,0.004
beard,0.002
jaime,0.002
woodson,0.002
hauser,0.002
tony,0.004
canedy,0.002
frank,0.008
hatch,0.002
jessica,0.002
lynch,0.002
jerilyn,0.002
rea,0.002
michelle,0.002
van,0.002
fleteren,0.002
jnmartin,0.004
emartin,0.002
esc,0.002
abraun,0.002
figdigital,0.002
joseph,0.002
piotrowski,0.002
fwd,0.008
allan,0.002
jbt,0.002
tca,0.002
joshbuis,0.002
swbell,0.002
ljt,0.002
kent,0.004
andrea,0.002
ivers,0.002
usa,0.002
reinke,0.002
amdahl,0.002
celeste,0.002
flores,0.004
ckoehn,0.002
dynamsys,0.002
cmh,0.002
5695,0.002
medicine,0.002
tamu,0.008
edu,0.012
cmaltsberger,0.002
lanner,0.002
dholwerda,0.002
unitedtexas,0.002
dhartman,0.002
gdhm,0.002
dmco,0.002
jamierespondek,0.002
94,0.002
vvm,0.002
minchinton,0.002
jprejean,0.002
law,0.004
harvard,0.002
kirstenkloepfer,0.002
kandylo,0.002
ldp,0.002
2795,0.002
acs,0.004
ham,0.002
bigfoot,0.002
jlkloepfer,0.002
msn,0.004
peggy,0.01
msc,0.002
russnjan,0.002
ryan,0.004
enform,0.002
jascollin,0.002
stevef,0.002
utexas,0.002
timothy,0.002
pwcglobal,0.002
vca,0.002
5222,0.002
whitney,0.002
arthurandersen,0.002
chuck,0.006
ellison,0.01
denise,0.002
werst,0.002
helwig,0.002
mitchem,0.002
appleton,0.002
shield,0.002
clint,0.002
schroff,0.002
hickson,0.002
jones,0.006
jimmy,0.018
bond,0.002
jon,0.002
miller,0.002
caperton,0.002
marty,0.002
roos,0.002
mat,0.002
moten,0.002
imbrie,0.002
clarke,0.002
penny,0.002
pj,0.002
porter,0.002
garner,0.002
reba,0.002
ragsdale,0.002
ron,0.002
spies,0.002
beachy,0.002
rodgers,0.002
ted,0.002
wallace,0.002
trochesset,0.002
tedi,0.002
alan,0.002
futrell,0.004
burkard,0.002
buttery,0.002
dean,0.002
cockpit,0.002
plane,0.006
flyover,0.002
vs,0.01
tu,0.002
charles,0.006
10103,0.002
college,0.002
77842,0.002
409,0.006
9889,0.002
8819,0.002
ellisonlaw,0.002
recipient,0.008
confidential,0.002
unauthorized,0.002
disclosure,0.002
prohibited,0.002
sender,0.002
destroy,0.002
att,0.002
jpg,0.002
7266,0.004
general,0.004
land,0.002
withholding,0.002
injections,0.002
cilco,0.056
withdrawal,0.006
evey,0.002
9699,0.014
tesoro,0.006
zively,0.006
dealmaker,0.008
allocator,0.006
represents,0.014
forgetting,0.006
2662,0.012
mentioned,0.014
spectrum,0.004
estimating,0.002
redeliver,0.006
alternate,0.002
equal,0.002
lateness,0.002
whose,0.004
perfect,0.006
proprietary,0.002
husband,0.016
wife,0.016
snugly,0.002
bed,0.004
passion,0.002
heating,0.002
stops,0.004
explains,0.002
tune,0.006
emotional,0.002
realizes,0.002
tonight,0.004
shopping,0.01
department,0.016
store,0.008
walks,0.002
expensive,0.002
outfits,0.002
matching,0.004
shoes,0.002
jewelry,0.002
dept,0.008
diamond,0.002
ear,0.002
rings,0.004
excited,0.006
flipped,0.002
tennis,0.004
bracelet,0.002
jumping,0.004
register,0.004
honey,0.006
face,0.004
blank,0.002
indescribable,0.002
explode,0.002
ram,0.006
tackett,0.004
0600,0.008
hunter,0.004
house,0.006
juno,0.054
dl,0.006
tagj,0.006
tech,0.008
retrieving,0.004
dear,0.008
messages,0.016
attachments,0.012
downloaded,0.004
computer,0.01
capable,0.002
mailbox,0.004
maximum,0.004
preventing,0.002
upgrade,0.008
retrieve,0.004
particularly,0.004
useful,0.008
wide,0.006
download,0.012
visiting,0.004
cd,0.012
computers,0.004
size,0.002
limit,0.006
incoming,0.002
exciting,0.008
decided,0.012
expand,0.006
basic,0.002
fees,0.004
commitments,0.002
trial,0.002
hundreds,0.002
attachment,0.004
capability,0.002
guide,0.002
floating,0.002
banner,0.002
directing,0.002
sites,0.006
modem,0.008
ways,0.004
junofree,0.002
click,0.012
advertisements,0.004
menu,0.004
select,0.012
drops,0.002
advertisement,0.002
presented,0.004
easy,0.006
hurry,0.004
act,0.004
ardai,0.002
consult,0.002
chosen,0.002
hour,0.008
locate,0.006
conference,0.002
mam,0.006
teamlead,0.01
buyer,0.008
seller,0.01
intercompany,0.036
understands,0.002
coincide,0.002
rhp,0.004
regina,0.006
perkins,0.01
homco,0.002
lim,0.002
governing,0.002
captures,0.004
implemented,0.002
39222,0.002
discussions,0.006
decipher,0.002
steps,0.006
experts,0.004
establishment,0.002
steering,0.004
detail,0.016
cases,0.004
participation,0.008
hal,0.004
66277,0.002
air,0.004
liquide,0.004
enjoyed,0.002
standards,0.01
outcome,0.006
likely,0.006
expectations,0.012
coaching,0.016
formula,0.002
honor,0.002
strengths,0.002
moving,0.006
action,0.002
reflection,0.002
share,0.006
performer,0.002
becoming,0.002
rely,0.002
solve,0.008
responded,0.002
solving,0.008
shifted,0.002
questioning,0.002
techniques,0.002
offered,0.004
learnings,0.002
independent,0.002
solvers,0.002
frustrated,0.002
fail,0.004
trained,0.002
seeking,0.002
recruited,0.002
session,0.006
contribute,0.006
involve,0.002
behaviors,0.002
employ,0.002
involvement,0.002
dimension,0.002
appraisals,0.002
teamleadership,0.012
598,0.002
6732,0.002
871,0.006
8326,0.004
1707,0.002
321,0.004
0680,0.002
promotions,0.014
pleased,0.004
promoted,0.004
contributions,0.006
kristin,0.016
albrecht,0.012
serves,0.008
controller,0.01
leslie,0.012
reeves,0.01
ensures,0.002
west,0.014
genco,0.008
regulatory,0.006
compliance,0.008
forecasting,0.004
leads,0.004
database,0.012
validating,0.002
published,0.002
instrumental,0.002
promotion,0.002
consistency,0.002
emerging,0.004
pulp,0.004
led,0.004
collections,0.002
accountability,0.002
receivables,0.002
payables,0.002
bennett,0.008
kaufman,0.004
equity,0.002
debt,0.002
book,0.028
mckeel,0.002
integration,0.002
overseeing,0.002
enpower,0.002
solarc,0.002
specialist,0.016
eslick,0.002
kam,0.002
keiser,0.002
versen,0.004
phillip,0.004
coats,0.002
monica,0.002
lande,0.002
portland,0.004
clerk,0.006
trang,0.002
le,0.002
postlewaite,0.002
seib,0.002
kori,0.002
loibl,0.002
books,0.004
donnie,0.002
vinson,0.002
imelda,0.006
frayre,0.006
amy,0.002
degeyter,0.002
melinda,0.002
whalen,0.002
karie,0.004
hastings,0.002
hedstrom,0.004
issued,0.006
canada,0.002
canadian,0.002
committees,0.002
u,0.006
expertise,0.002
diligence,0.002
phase,0.002
evaluations,0.002
ventures,0.002
acquisitions,0.002
finalize,0.004
alloc,0.002
glad,0.006
ordinary,0.002
sunday,0.01
feburary,0.002
0989703,0.002
0984654,0.002
dennis,0.002
0989708,0.002
swyka,0.002
0989751,0.002
allison,0.002
0984273,0.004
0984126,0.002
0984136,0.002
pasture,0.002
0986511,0.002
huff,0.002
0989709,0.002
bp,0.002
woops,0.002
mistake,0.002
93199,0.002
goals,0.008
objectives,0.01
redmond,0.004
progress,0.006
developed,0.008
refined,0.002
offsite,0.008
compilation,0.002
vp,0.002
shift,0.002
earnings,0.002
monetizations,0.002
encouraged,0.008
busby,0.004
redelivery,0.002
fortune,0.006
admired,0.006
congratulations,0.004
unprecedented,0.002
innovative,0.008
magazine,0.008
topping,0.002
electric,0.01
omnicom,0.002
talent,0.006
goldman,0.002
sachs,0.002
ahead,0.004
cisco,0.002
paired,0.002
brightest,0.002
sweep,0.002
newsstands,0.002
achieved,0.002
consistent,0.002
makes,0.008
achievements,0.002
doehrman,0.01
9825,0.004
tex,0.002
gang,0.002
reflecting,0.008
393,0.002
9738,0.002
133435,0.002
163874,0.002
richardson,0.002
7283,0.002
9807,0.002
141691,0.002
164003,0.002
mueller,0.002
7260,0.002
9769,0.006
156247,0.002
143885,0.002
143887,0.002
164172,0.002
doubled,0.002
9686,0.004
remove,0.01
automatically,0.008
corresponding,0.006
assumption,0.006
incorecct,0.004
980388,0.004
980389,0.004
980390,0.004
980391,0.004
980392,0.004
980393,0.004
987271,0.004
987260,0.004
987283,0.004
align,0.002
transferred,0.002
directed,0.008
compression,0.002
louisiana,0.006
partnership,0.008
fort,0.002
lost,0.008
holding,0.004
setups,0.002
centralized,0.002
headed,0.002
6575,0.01
6014,0.008
placed,0.008
stranger,0.008
negotiation,0.002
75780,0.002
75959,0.002
rlloyd,0.002
jyoung,0.002
987012,0.004
987341,0.004
7012,0.002
6026,0.002
6114,0.002
6427,0.002
6848,0.002
9755,0.002
renominate,0.002
guys,0.02
cleaning,0.002
126358,0.004
reflects,0.02
6067,0.002
126281,0.002
6296,0.008
132832,0.002
139397,0.002
suemaur,0.002
138658,0.004
9766,0.002
similar,0.01
138546,0.002
comstock,0.002
125827,0.002
125828,0.002
125899,0.002
125783,0.002
125900,0.002
reach,0.002
36224,0.002
165331,0.002
carrie,0.004
hollomon,0.004
olinger,0.004
branney,0.002
germany,0.002
judy,0.002
townsend,0.002
junek,0.002
gossett,0.004
profit,0.004
examples,0.004
category,0.006
illustrated,0.002
35423,0.002
mop,0.004
existing,0.006
theory,0.004
procedure,0.002
eliminate,0.004
port,0.002
valeroi,0.002
wassup,0.004
avi,0.004
allmon,0.002
ghanks,0.002
followed,0.002
implementing,0.008
manually,0.006
revise,0.004
suppliers,0.004
stations,0.004
automatic,0.002
bulletin,0.002
board,0.004
operated,0.002
perrine,0.002
task,0.002
monitored,0.002
shooting,0.002
discussing,0.002
sharing,0.002
ppa,0.004
actualize,0.004
load,0.01
rectified,0.002
loading,0.002
measured,0.004
prelim,0.004
abnormalities,0.002
tommorrow,0.002
shoreline,0.024
herrera,0.006
155118,0.006
revert,0.002
fcv,0.014
compressor,0.008
mmbtud,0.004
inside,0.002
ferc,0.004
rodeo,0.002
bus,0.002
leaving,0.002
sweet,0.006
cold,0.008
mom,0.002
analyze,0.004
96026572,0.002
bav,0.014
612,0.002
601,0.004
compared,0.002
groetzingerp,0.004
planned,0.006
clmp,0.012
startup,0.002
reduced,0.006
alternative,0.002
3013,0.002
dialogue,0.002
contribution,0.002
touch,0.004
reps,0.002
gather,0.002
hr,0.002
guarantee,0.002
occasional,0.002
cross,0.008
doubt,0.002
staffing,0.002
levels,0.002
attitude,0.002
formally,0.002
documented,0.002
alternatives,0.002
reality,0.002
tied,0.002
realistic,0.002
exceptions,0.016
really,0.02
mixed,0.006
reactions,0.002
feelings,0.002
mandatory,0.002
lindholm,0.006
5961,0.008
dunagan,0.002
disconnected,0.006
truely,0.002
populating,0.002
odd,0.006
normally,0.002
comment,0.006
stayed,0.006
indicating,0.004
caught,0.002
spoken,0.002
gone,0.006
removed,0.002
oba,0.006
hit,0.016
clearing,0.006
buried,0.002
finding,0.002
solved,0.002
tools,0.01
marketer,0.002
explanation,0.004
apparently,0.002
overflow,0.01
valentines,0.002
neck,0.002
valentine,0.004
poem,0.002
collards,0.002
green,0.006
dog,0.002
lucky,0.006
thang,0.004
yore,0.014
cornsilk,0.002
flapping,0.002
breeze,0.002
softer,0.002
fleas,0.002
excite,0.002
scales,0.002
luv,0.004
anyway,0.004
satisfy,0.002
okry,0.002
jist,0.002
fry,0.002
pan,0.002
fragrant,0.002
snuff,0.002
som,0.002
teeth,0.002
crowd,0.002
occasions,0.002
shave,0.002
arms,0.002
hawg,0.002
heaven,0.002
awed,0.002
charms,0.002
fellers,0.002
deserve,0.002
purdy,0.002
doe,0.004
duct,0.002
tape,0.002
fer,0.002
patch,0.002
troubles,0.002
cute,0.002
junebug,0.002
buzzin,0.002
overhead,0.01
ants,0.002
cloth,0.002
plaid,0.002
flannel,0.002
shirt,0.012
spark,0.002
fresh,0.004
dirt,0.002
tight,0.002
padded,0.002
gunrack,0.002
nuttin,0.002
complexion,0.002
perfection,0.002
vinyl,0.002
sidin,0.002
despite,0.002
keeps,0.004
hidin,0.002
moon,0.004
pie,0.002
drank,0.002
yep,0.002
skunk,0.002
stank,0.002
men,0.006
chocolate,0.002
git,0.004
wal,0.004
mart,0.004
romantic,0.004
roses,0.002
cooler,0.002
kroger,0.002
impressive,0.002
diamonds,0.006
flea,0.002
booth,0.004
suave,0.002
couth,0.002
gift,0.002
taste,0.002
odor,0.002
trollin,0.002
motor,0.002
shore,0.002
darling,0.002
aint,0.002
bubba,0.006
expatriate,0.048
shitty,0.002
paradise,0.002
zine,0.002
tropically,0.002
impaired,0.002
featured,0.002
sunny,0.01
white,0.008
beat,0.002
irs,0.004
jimmydotcom,0.008
parrot,0.03
club,0.032
trini,0.014
style,0.004
hullabaloo,0.002
cabo,0.002
boys,0.004
expatriated,0.006
phan,0.004
spotted,0.004
border,0.004
parrothead,0.004
pilots,0.008
association,0.01
edition,0.002
printing,0.006
laying,0.002
somewhere,0.02
stripe,0.002
official,0.002
newsletter,0.01
site,0.036
publishing,0.006
temperate,0.002
forces,0.002
segel,0.002
coconut,0.004
karen,0.02
coyne,0.002
1994,0.002
parrotkey,0.006
sister,0.002
accessible,0.002
expanded,0.012
pk,0.002
doors,0.004
emeril,0.002
kick,0.004
notch,0.002
buffett,0.01
music,0.014
lives,0.006
lifestyle,0.004
sang,0.002
tropical,0.004
sailing,0.006
boating,0.002
parasailing,0.002
surfing,0.002
lyrics,0.002
visited,0.002
prizes,0.002
awarded,0.002
blocks,0.002
sailboat,0.002
entertained,0.002
toil,0.002
everyday,0.002
finally,0.008
shuck,0.002
disappear,0.006
ventured,0.002
ran,0.006
named,0.004
cayman,0.002
islands,0.004
supposed,0.014
leg,0.002
dawg,0.006
tour,0.01
friend,0.006
alex,0.01
leist,0.002
children,0.002
listened,0.002
liked,0.002
cds,0.006
fell,0.002
immediately,0.01
laid,0.002
lane,0.002
roady,0.002
shady,0.002
floyd,0.002
embarking,0.002
twelve,0.004
chances,0.004
summer,0.02
depth,0.002
article,0.002
musician,0.002
technically,0.002
reasons,0.004
nearly,0.002
lived,0.002
caribbean,0.002
climbing,0.002
trees,0.002
spear,0.002
fishing,0.002
scuba,0.002
diving,0.002
afternoons,0.002
beach,0.004
moonlit,0.002
nights,0.002
swaying,0.002
palms,0.002
repatriate,0.002
family,0.002
places,0.008
coast,0.002
distance,0.002
gave,0.01
sandbar,0.002
serenade,0.002
goodness,0.002
sake,0.002
running,0.012
strongly,0.002
screens,0.002
heck,0.002
laptops,0.002
gps,0.002
anywhere,0.002
throw,0.002
section,0.006
informative,0.002
getaway,0.002
cities,0.002
costa,0.002
rica,0.002
important,0.012
tool,0.006
write,0.002
bahamas,0.002
belize,0.002
croix,0.002
puerto,0.002
rico,0.002
bonaire,0.002
dominica,0.002
saba,0.002
planet,0.002
dolphins,0.002
reef,0.006
monkeys,0.002
rain,0.002
501,0.002
organizations,0.002
bracket,0.002
uncle,0.002
sam,0.002
trip,0.01
oceanic,0.002
society,0.002
earthwatch,0.002
institute,0.002
environmental,0.002
education,0.002
foundation,0.002
reservation,0.004
delays,0.004
printer,0.002
bumps,0.002
phenomena,0.002
outline,0.002
reviews,0.004
considerations,0.002
obligation,0.002
simply,0.006
partners,0.002
brisk,0.002
financing,0.002
stand,0.002
bhotm,0.002
boss,0.006
concert,0.004
friends,0.032
founder,0.002
sandlapper,0.004
phc,0.006
carolina,0.002
plea,0.002
blown,0.002
hustled,0.002
pix,0.002
majority,0.002
clubs,0.002
parrothedonistic,0.002
collection,0.002
bound,0.002
glory,0.002
annals,0.002
moderation,0.002
packed,0.002
stories,0.002
bubbafreak,0.002
bobrob,0.002
speaking,0.006
expatriates,0.004
recording,0.002
understandable,0.002
awhile,0.004
third,0.02
margaritaville,0.004
cafe,0.002
nite,0.002
series,0.008
orleans,0.004
recorded,0.008
songs,0.004
revamped,0.002
accustomed,0.002
ct,0.002
african,0.002
song,0.002
nadirah,0.002
treating,0.002
cario,0.002
marley,0.002
cry,0.002
fans,0.002
favorite,0.002
excuse,0.002
owning,0.002
musical,0.002
library,0.002
incomplete,0.008
helen,0.002
hiatt,0.002
reefer,0.002
wardrobe,0.002
designer,0.002
lovingly,0.002
ice,0.002
cream,0.002
vendor,0.004
wear,0.002
pete,0.01
forgets,0.002
sleeves,0.002
design,0.022
jesters,0.006
tro,0.002
pics,0.002
released,0.004
oils,0.002
musicians,0.002
inspired,0.002
alike,0.002
artwork,0.002
tim,0.002
glancey,0.002
wally,0.002
nickel,0.002
eve,0.002
hype,0.002
minute,0.004
seagram,0.002
honoring,0.002
tequila,0.004
melded,0.002
flash,0.012
phans,0.002
tropo,0.006
trips,0.004
cobo,0.002
trek,0.002
florida,0.004
girls,0.002
shirts,0.006
whenever,0.002
bars,0.002
covering,0.002
banana,0.002
republics,0.002
mclain,0.002
hotel,0.002
vegas,0.006
irvine,0.002
largo,0.002
ponch,0.002
aprea,0.002
detroit,0.002
seeing,0.006
streak,0.002
alive,0.002
worthwhile,0.002
peter,0.002
mayer,0.002
ends,0.004
playing,0.004
neat,0.002
seaplane,0.002
logo,0.002
breast,0.002
tidbits,0.002
airplane,0.002
nuts,0.002
medivac,0.002
chopper,0.002
pilot,0.006
cool,0.004
hemisphere,0.002
dancer,0.002
jamaican,0.002
bullet,0.002
hole,0.002
jr,0.004
attorney,0.002
jacksonville,0.002
lawyer,0.002
bar,0.008
webmaster,0.002
creator,0.002
grumman,0.004
928,0.002
flashback,0.002
whirly,0.002
birds,0.002
975,0.002
1954,0.002
copyrighted,0.004
press,0.008
publisher,0.004
trademark,0.004
permitted,0.004
entirety,0.006
subscribe,0.004
unsubscribe,0.004
hplo,0.004
pge,0.004
gtt,0.002
nsf,0.002
htmlmedia,0.002
html,0.002
expert,0.002
pull,0.002
commit,0.002
bottom,0.002
emergencies,0.002
develop,0.004
kathy,0.01
northeast,0.002
southeast,0.002
randy,0.004
impacting,0.004
30957,0.002
turned,0.002
temporary,0.002
disconnect,0.002
forgo,0.002
413,0.002
wages,0.008
dipped,0.002
railroad,0.002
commission,0.024
remain,0.006
ruling,0.002
1497,0.006
redeliveries,0.014
168509,0.002
075,0.012
3002,0.004
3003,0.004
substanital,0.002
0598,0.002
5360,0.002
9682,0.008
reperfed,0.004
meaning,0.006
holes,0.004
piping,0.004
producing,0.006
mdq,0.004
3000,0.004
sc,0.004
5310,0.024
93481,0.012
052,0.002
instructions,0.006
34500,0.002
34501,0.002
payment,0.01
typed,0.002
69176,0.01
charlene,0.006
richmond,0.006
93480,0.002
occurs,0.002
jun,0.004
callout,0.002
paid,0.016
complaining,0.002
lambert,0.004
august,0.008
synergi,0.004
62210,0.002
96016880,0.002
contacted,0.004
96022367,0.002
bernard,0.004
widacki,0.004
knowledgeable,0.002
625,0.004
bump,0.004
6892,0.008
16888,0.004
exceeded,0.002
contributed,0.002
quarterly,0.002
frequency,0.002
elapse,0.002
reconvene,0.002
availble,0.002
preferably,0.004
baby,0.006
structure,0.004
organizing,0.002
midtex,0.012
eight,0.002
0984179,0.004
hoff,0.004
heller,0.004
cdp,0.004
lb,0.004
dew,0.004
pumper,0.002
withdrawl,0.014
stg,0.004
behalf,0.01
313,0.002
1072,0.004
6202,0.004
schneider,0.006
166888,0.002
107937,0.004
155,0.006
140,0.002
conoco,0.002
135,0.002
6736,0.004
9638,0.004
29165,0.002
1567,0.002
30100,0.002
103,0.002
cdnow,0.034
16840862,0.01
paste,0.004
browser,0.004
myorder,0.004
otid,0.004
ordered,0.002
vhl,0.004
storytellers,0.004
postal,0.004
shipping,0.008
5519,0.004
clarkston,0.004
ln,0.004
spring,0.01
77379,0.004
bolt,0.008
tons,0.002
funky,0.002
clothes,0.002
sports,0.002
gear,0.002
words,0.002
digital,0.004
startac,0.004
motorola,0.002
7797,0.002
telstreet,0.002
rewards,0.004
tm,0.004
program,0.02
pending,0.002
membership,0.004
earned,0.004
shipped,0.004
keyword,0.004
1757978,0.004
hgpl,0.008
kgpl,0.006
disagree,0.002
8793,0.006
parameters,0.004
swinging,0.002
repathed,0.002
repathing,0.002
cynthia,0.02
cantrell,0.002
holmes,0.002
enronavailso,0.002
dates,0.01
83084,0.002
83088,0.002
166853,0.002
166026,0.002
157233,0.002
157284,0.002
147866,0.002
157564,0.002
124972,0.002
72047,0.002
known,0.004
convened,0.002
originated,0.002
functioning,0.002
bascially,0.002
figure,0.002
kudoo,0.002
stepping,0.002
played,0.004
fair,0.002
kenny,0.014
soignet,0.008
sessions,0.008
range,0.006
operate,0.002
maps,0.002
main,0.002
transact,0.002
capitalized,0.006
centralize,0.002
containing,0.002
extension,0.006
upgrading,0.002
capitalize,0.002
cost,0.032
hardware,0.002
reversed,0.004
6343,0.014
986315,0.024
rally,0.028
sordo,0.028
sheryln,0.004
141186,0.004
138605,0.004
343,0.004
megan,0.046
parker,0.034
179,0.002
817,0.002
255,0.002
5020,0.002
shipment,0.006
format,0.002
quantity,0.006
subtotal,0.002
completes,0.002
arrive,0.002
rare,0.002
instances,0.002
career,0.004
bose,0.008
audio,0.002
legendary,0.002
careers,0.002
excitement,0.004
innovation,0.002
uncompromising,0.002
credited,0.002
timeline,0.002
calendars,0.008
vital,0.002
assistants,0.002
maro,0.002
siatar,0.002
139055,0.002
adjustments,0.01
flat,0.004
ftworth,0.016
somewhat,0.002
meant,0.004
darrel,0.012
bane,0.012
incerease,0.006
eff,0.008
benedict,0.002
cico,0.008
tba,0.002
2117,0.002
anticipated,0.006
manangement,0.002
reservations,0.002
normal,0.008
amounts,0.004
salaries,0.01
774,0.004
360,0.004
820,0.004
266,0.004
merit,0.004
raise,0.004
administering,0.004
campus,0.004
recruiting,0.004
visits,0.004
reclass,0.004
journal,0.006
kellie,0.012
statements,0.006
109925,0.004
transporting,0.004
oak,0.004
hardy,0.004
covers,0.01
cogen,0.006
133257,0.004
charging,0.006
haul,0.004
arrangments,0.004
114096,0.012
80705,0.006
003,0.004
replacement,0.006
bilski,0.004
watching,0.002
noticed,0.004
renamed,0.002
whalley,0.004
cliff,0.002
tentative,0.002
concrete,0.002
income,0.004
edie,0.002
cpa,0.002
wrote,0.002
drawn,0.002
tiger,0.002
doll,0.002
twenty,0.004
biggest,0.008
misuderstanding,0.002
inconvenience,0.004
vac,0.002
dentist,0.002
appt,0.002
modified,0.002
remind,0.002
clicks,0.002
binding,0.002
lose,0.002
trail,0.002
potentially,0.002
expose,0.002
standpoint,0.002
termination,0.002
35824,0.002
37235,0.002
39746,0.002
36557,0.002
dleivery,0.002
copanop,0.004
attempt,0.002
communicating,0.002
represent,0.006
pattison,0.002
deficiency,0.006
greatly,0.004
indutrial,0.002
kenseaman,0.002
industrialsmonthly,0.002
aqua,0.002
987349,0.002
987350,0.002
101574,0.002
surveys,0.006
hello,0.002
survey,0.038
collect,0.008
digits,0.002
drop,0.01
choices,0.002
contained,0.002
org,0.006
corrections,0.008
filling,0.004
compiled,0.002
specialists,0.002
perform,0.01
dictionary,0.002
shari,0.006
3859,0.006
merger,0.006
mergers,0.002
overlay,0.002
overlaid,0.002
inactivated,0.004
mc,0.002
driver,0.01
rcs,0.002
generates,0.002
standard,0.002
surveyed,0.002
measure,0.002
0469,0.002
80,0.004
evenly,0.002
trace,0.002
columbus,0.01
amelia,0.002
alland,0.002
203354,0.002
6746,0.002
811,0.002
6764,0.002
426,0.002
9634,0.002
1474,0.002
lotus,0.002
choice,0.004
requires,0.002
tcash,0.004
aimtech,0.004
walls,0.002
kfku,0.002
cashj,0.002
kochind,0.002
maolson,0.002
baycity,0.002
cchsda,0.002
bambam,0.002
6901,0.002
carbaugh,0.002
acco,0.002
ahernand,0.002
kentelec,0.002
scored,0.002
undisclosed,0.002
recipients,0.002
score,0.006
peek,0.002
scroll,0.002
pen,0.002
pencil,0.004
grab,0.002
bold,0.002
adventuresome,0.002
enjoys,0.002
adventure,0.002
radiate,0.002
lively,0.002
charming,0.002
amusing,0.002
practical,0.004
constantly,0.002
sufficiently,0.002
considerate,0.002
cheer,0.002
sensible,0.002
cautious,0.006
careful,0.006
clever,0.002
gifted,0.002
modest,0.002
easily,0.002
loyal,0.002
loyalty,0.002
shake,0.002
trust,0.004
equally,0.002
painstaking,0.002
fussy,0.002
steady,0.004
plodder,0.002
impulsively,0.002
spur,0.002
expecting,0.002
examine,0.004
angle,0.002
reaction,0.002
caused,0.002
partly,0.002
nature,0.002
nervous,0.002
indecisive,0.002
worrier,0.002
sees,0.002
exist,0.002
boring,0.002
mauldin,0.006
angie,0.004
buis,0.004
marvia,0.004
jefferson,0.006
shoemake,0.004
kathleen,0.002
kelley,0.002
hare,0.004
erw,0.002
regret,0.002
recurring,0.002
daran,0.002
036,0.004
7100,0.004
laurie,0.002
heavy,0.002
abut,0.002
9656,0.002
922,0.002
950,0.002
faxed,0.002
basin,0.002
896,0.002
cat,0.004
layden,0.004
96019316,0.002
terminate,0.006
6834,0.004
walker,0.004
980072,0.01
western,0.01
respectively,0.004
143709,0.006
premlinary,0.002
blay,0.01
streamline,0.002
welcoming,0.002
chantelle,0.006
villanueva,0.004
lorraine,0.004
becker,0.004
lynn,0.004
tippery,0.004
replacing,0.002
consolidations,0.002
mails,0.002
stating,0.002
reclasses,0.002
obtained,0.002
7677,0.002
entries,0.002
headcount,0.004
aa,0.002
thresa,0.002
evelyn,0.002
aucoin,0.002
brogan,0.002
cook,0.004
engel,0.002
hunaid,0.002
engineer,0.002
carolyn,0.002
gilley,0.002
greif,0.002
harbert,0.002
jacobsen,0.002
roy,0.002
lipsett,0.002
moscoso,0.006
eugenio,0.002
perez,0.002
dorothy,0.002
ricketts,0.002
russ,0.002
severson,0.002
sorenson,0.002
martha,0.002
stevens,0.004
theriot,0.002
laurel,0.002
adams,0.002
angela,0.006
henn,0.004
sandra,0.002
mcnichols,0.002
sandoval,0.002
saldana,0.002
cecilia,0.002
olvera,0.002
gretel,0.002
julissa,0.002
marron,0.002
templeton,0.002
ragayle,0.002
pellum,0.002
rosalinda,0.002
resendez,0.002
patti,0.002
magellan,0.002
livelink,0.002
signs,0.004
fails,0.002
cancel,0.002
established,0.004
guidelines,0.006
concern,0.002
policy,0.004
attends,0.002
ernie,0.004
instructed,0.002
sirius,0.002
elwanda,0.004
joyce,0.004
jenkins,0.002
outsourced,0.002
oriented,0.002
integrate,0.002
coordinated,0.002
tailored,0.002
priorities,0.002
36343,0.002
organizational,0.004
projects,0.002
wes,0.006
colwell,0.002
assists,0.002
faldyn,0.002
rejoins,0.002
azurix,0.002
matters,0.002
roles,0.002
4400,0.006
6598,0.002
yates,0.004
4206,0.002
3366,0.004
270,0.004
320,0.002
bothersome,0.002
supportive,0.002
settling,0.002
hesse,0.006
publishes,0.002
enhancement,0.002
matrix,0.004
economic,0.004
9195,0.002
accrued,0.002
goal,0.008
simplistic,0.002
approach,0.004
sides,0.002
accruals,0.004
limitation,0.002
resolutions,0.002
variance,0.012
156071,0.004
0980391,0.002
var,0.002
167,0.002
midt,0.002
0988743,0.002
160579,0.002
0986363,0.004
632,0.002
272,0.002
402,0.002
161541,0.002
0980694,0.004
278,0.002
296,0.002
166459,0.002
8177,0.002
4570,0.002
75,0.02
201810,0.002
129,0.002
201839,0.002
202672,0.002
0361770,0.002
274,0.002
280083,0.002
0980308,0.002
555,0.002
292,0.004
518,0.004
225,0.002
710,0.004
72,0.004
mission,0.002
proactively,0.002
tying,0.004
minimizing,0.002
analyse,0.002
saving,0.002
6921,0.002
6789,0.002
12079,0.004
averaged,0.002
husker,0.002
dallas,0.004
986789,0.002
12000,0.002
identifying,0.002
appox,0.002
7000,0.002
await,0.002
occupies,0.004
3137,0.002
3952,0.002
3130,0.002
0432,0.002
156657,0.002
spilled,0.002
423,0.002
division,0.002
93210,0.002
cactus,0.002
pma,0.008
passing,0.002
aug,0.002
sep,0.002
1836,0.002
saw,0.004
shown,0.002
204777,0.002
330,0.002
1427,0.004
158220,0.004
colorado,0.01
mtrl,0.002
472,0.002
157279,0.004
1472,0.002
310,0.002
10000,0.004
1516,0.002
1335,0.006
96378,0.002
97185,0.002
affecting,0.004
cleaned,0.004
wazzzup,0.008
tori,0.004
kuykendall,0.004
garrett,0.006
tripp,0.006
grigsby,0.002
ermis,0.002
matthew,0.002
lenhart,0.002
pdx,0.006
carla,0.004
hoffman,0.004
cara,0.002
semperger,0.002
platter,0.002
sarnowski,0.002
capital,0.004
0000,0.004
smtp,0.004
165,0.008
hayboonet,0.002
microsoft,0.002
smtpsvc,0.002
1774,0.002
114,0.002
haynesboone,0.006
norton,0.002
antivirus,0.002
gateways,0.002
novell,0.004
groupwise,0.004
mailer,0.002
mcinturff,0.002
scot,0.002
crilly,0.002
mime,0.002
multipart,0.002
boundary,0.002
025,0.002
8830,0.002
mcintud,0.002
length,0.002
1722030,0.002
damn,0.002
funny,0.004
waz,0.002
lcra,0.002
extensions,0.004
attempting,0.002
overflowed,0.002
163005,0.002
daate,0.002
references,0.004
168884,0.004
201636,0.002
neither,0.002
151203,0.004
1595,0.002
lindley,0.002
981595,0.002
addtional,0.002
58381,0.002
0375,0.002
vogelfang,0.002
bherod,0.002
dawson,0.004
dwight,0.006
jrv,0.002
staple,0.002
payer,0.002
school,0.004
confused,0.002
doctor,0.002
211573,0.002
objection,0.002
mapping,0.002
curve,0.004
texoma,0.03
77,0.002
roger,0.012
maake,0.012
cucinotta,0.004
gmason,0.002
noram,0.002
rasco,0.002
attributed,0.002
values,0.006
operative,0.006
leaking,0.002
bellows,0.002
alternator,0.002
technician,0.006
condition,0.002
valve,0.004
repairing,0.002
utilities,0.006
lcr,0.006
valves,0.002
1156,0.002
phoned,0.002
returns,0.002
eops,0.006
questionnaire,0.012
melodick,0.006
norma,0.002
yvonne,0.002
laing,0.002
exempt,0.002
capturing,0.002
skills,0.002
consolidated,0.002
prudency,0.004
weater,0.002
hedge,0.002
actuall,0.002
offset,0.004
tufco,0.004
fun,0.002
occupying,0.002
answering,0.002
ifs,0.002
sprinkler,0.002
sharpshooter,0.002
older,0.002
renting,0.002
trencher,0.002
beer,0.002
cable,0.002
installed,0.002
70,0.002
spending,0.002
closing,0.002
jump,0.002
woodworkingtips,0.004
tips,0.004
subscribing,0.002
woodworking,0.004
improvement,0.002
downloadable,0.002
plansnow,0.002
woodsmith,0.002
shopnotes,0.002
workbench,0.002
kits,0.002
jigs,0.002
magazines,0.002
complaint,0.006
mason,0.01
travis,0.01
relief,0.002
blowing,0.002
refining,0.002
5384,0.002
9401,0.01
li,0.004
partial,0.002
flare,0.002
bear,0.002
abdul,0.006
raheem,0.006
herman,0.006
dudley,0.006
ledet,0.006
eugene,0.006
roose,0.006
ronald,0.006
summers,0.006
shimek,0.006
patsy,0.006
accommodate,0.002
occurring,0.002
prepared,0.004
85,0.002
agenda,0.002
expenses,0.01
33278,0.002
submittal,0.002
214249,0.002
214251,0.002
986296,0.002
suzanne,0.002
saldivar,0.002
7666,0.002
7600,0.002
56639,0.002
9723,0.002
269,0.002
9724,0.002
9687,0.002
486,0.002
9734,0.002
5116,0.002
83,0.002
6719,0.024
166989,0.006
button,0.01
drill,0.01
views,0.024
downside,0.002
intend,0.002
harder,0.002
clicking,0.002
drilling,0.004
backgound,0.002
locked,0.002
tries,0.002
excessive,0.002
unneccessary,0.002
helpful,0.002
hints,0.002
shrink,0.002
uncheck,0.002
text,0.002
labels,0.002
panel,0.002
omicron,0.002
porfolio,0.002
flex,0.002
wellheads,0.002
169625,0.004
5191,0.004
89328,0.002
tri,0.002
100896,0.002
138661,0.002
youneed,0.002
strangers,0.002
determines,0.002
kingwood,0.004
cove,0.004
specials,0.004
notices,0.002
bi,0.002
fairway,0.002
invitaion,0.002
players,0.004
cart,0.004
rental,0.002
invitation,0.006
registration,0.004
tournaments,0.006
tee,0.004
358,0.006
1155,0.006
anytime,0.002
player,0.004
holidays,0.002
recieve,0.002
balls,0.004
sleeve,0.002
lesson,0.004
lessons,0.004
break,0.002
clinic,0.002
leagues,0.002
charity,0.002
booking,0.002
beyond,0.002
billy,0.002
marilyn,0.002
colbert,0.002
6517,0.002
botello,0.002
3103,0.002
arrange,0.006
underage,0.006
presently,0.004
amoco,0.008
205116,0.002
goofed,0.002
reducing,0.004
fvor,0.002
9826,0.004
dropped,0.004
900,0.004
ggrant,0.006
bpa,0.004
seasonal,0.034
hain,0.002
minnesota,0.002
light,0.004
1978,0.004
mimeo,0.006
229,0.002
rejected,0.004
evidence,0.004
incurrence,0.002
proceeding,0.002
edison,0.018
proposed,0.006
differential,0.012
1979,0.004
1980,0.006
presiding,0.002
judge,0.008
briefs,0.002
portions,0.002
relate,0.002
supra,0.004
forth,0.002
filing,0.004
applicant,0.004
justify,0.002
departure,0.002
costbased,0.002
cfr,0.008
iii,0.004
lessen,0.002
imposed,0.004
prominent,0.004
peak,0.006
incentive,0.002
adding,0.004
tr,0.002
169,0.002
purpa,0.02
111,0.004
relied,0.002
shall,0.006
seasons,0.004
extent,0.01
vary,0.012
seasonally,0.004
emphasis,0.002
relying,0.002
marginal,0.006
commenting,0.002
cited,0.004
537,0.002
suggests,0.002
mechanisms,0.002
236,0.002
jurisdictional,0.002
circumstances,0.002
eliminating,0.002
winnetka,0.002
adopted,0.002
affirmed,0.002
paragraph,0.002
comm,0.002
61,0.002
219,0.002
commonwealth,0.006
docket,0.006
nos,0.002
er,0.004
79,0.004
182,0.002
106,0.002
1983,0.002
interpretation,0.002
whatsoever,0.002
nonsummer,0.002
impossible,0.002
judgment,0.002
reasonableness,0.002
uphold,0.002
reverse,0.002
adoption,0.004
arranged,0.002
rise,0.002
burdensome,0.002
simplified,0.002
determinations,0.002
pmas,0.014
reg,0.008
preamble,0.006
fercsr,0.01
fr,0.01
86976,0.002
741,0.002
designing,0.004
federal,0.002
hydroelectric,0.002
declining,0.002
subsequently,0.002
inappropriate,0.002
eliminated,0.002
measures,0.002
limitations,0.002
loadshaping,0.002
overrun,0.002
interruptible,0.004
southwestern,0.002
1957,0.002
demonstrate,0.002
applicable,0.006
encouraging,0.002
conservation,0.002
efficient,0.002
equitable,0.002
concepts,0.002
secretary,0.002
administrators,0.002
administrations,0.002
ra,0.002
6120,0.002
ratemaking,0.004
gained,0.002
5021,0.002
sec,0.002
consideration,0.002
determination,0.004
respecting,0.002
503,0.002
prop,0.002
1988,0.004
457,0.002
avoided,0.006
qualifying,0.002
inter,0.002
rm,0.004
88,0.002
9331,0.002
31882,0.002
instance,0.002
qfs,0.004
variable,0.004
periods,0.004
qf,0.01
174,0.002
variability,0.002
induce,0.002
maximize,0.002
similarly,0.002
component,0.002
dispatch,0.002
pattern,0.002
characteristics,0.002
guaranteed,0.002
revenues,0.002
sufficient,0.002
attract,0.002
wishes,0.002
stress,0.002
danger,0.002
forecasted,0.002
specification,0.002
encourages,0.002
flexible,0.002
1977,0.002
1981,0.002
128,0.002
cogeneration,0.002
regulations,0.002
policies,0.002
69,0.002
12214,0.002
specifying,0.002
believes,0.002
selection,0.002
methodology,0.002
authorities,0.002
nonregulated,0.002
92155,0.008
champians,0.004
nomiantion,0.002
buylow,0.002
rr,0.002
unaccounted,0.008
reconciling,0.002
scope,0.002
considerably,0.002
balancing,0.002
locating,0.002
occupy,0.002
war,0.004
pressing,0.002
quantify,0.002
volumetric,0.002
3748,0.002
radar,0.002
hanover,0.002
treaters,0.004
reciept,0.012
agreementat,0.004
cipco,0.006
arises,0.006
carrtwheel,0.002
labor,0.012
payperiod,0.002
ellenberger,0.008
kelli,0.002
cuilla,0.002
mse,0.002
3745,0.01
karry,0.006
importance,0.002
stressed,0.002
foward,0.002
calc,0.002
mmbtus,0.002
mmbuts,0.002
committment,0.002
concept,0.002
crisis,0.002
modes,0.002
kendall,0.002
9735,0.002
203469,0.002
xprtung,0.002
midtexas,0.002
slowly,0.002
droped,0.002
483,0.002
cycle,0.004
9441,0.004
mitchell,0.008
falbaum,0.002
156658,0.002
ates,0.004
prevents,0.002
aqnd,0.002
agrment,0.002
huh,0.002
jake,0.01
wipe,0.002
warmers,0.002
walmart,0.002
toys,0.002
carrier,0.002
telling,0.004
yrs,0.002
shelly,0.002
senders,0.002
fpam,0.002
mjones,0.002
deactivated,0.002
switch,0.002
subscribed,0.002
addresses,0.002
shortname,0.002
jsmith,0.002
longname,0.002
hose,0.004
mispelling,0.002
et,0.002
dad,0.002
mms,0.004
60978,0.002
movement,0.002
sounds,0.002
owe,0.002
bonin,0.002
299,0.004
893,0.01
280,0.004
sources,0.002
consumed,0.002
kris,0.002
scheduler,0.004
withdrew,0.004
327,0.004
seckler,0.004
37628,0.004
discovered,0.012
stretched,0.006
thin,0.006
magnitude,0.006
overriding,0.008
378,0.004
202,0.004
mirrored,0.002
parent,0.002
overrode,0.002
laporte,0.008
213145,0.002
213370,0.002
edited,0.002
665,0.002
028,0.008
27099,0.008
5095,0.002
037,0.002
5098,0.002
695,0.002
9121,0.002
5203,0.002
010,0.002
parking,0.002
lending,0.002
awaiting,0.002
pleo,0.002
0004,0.004
plao,0.002
hitting,0.004
soem,0.004
inactive,0.002
timesheet,0.002
posted,0.004
controlling,0.002
47472,0.004
60747,0.004
kill,0.002
36759,0.002
96016959,0.002
96046959,0.002
devise,0.002
communicated,0.002
gg,0.002
programmers,0.004
postponing,0.002
frame,0.002
equals,0.002
spi,0.002
investigating,0.002
rules,0.002
transfers,0.002
tag,0.002
investigation,0.004
monies,0.002
bidirectional,0.002
980071,0.002
casuality,0.002
becomes,0.002
overlays,0.002
override,0.002
understated,0.002
huge,0.002
measurements,0.002
mve,0.002
feeding,0.002
zeros,0.002
wild,0.002
esther,0.002
buckley,0.002
molly,0.002
carriere,0.002
nathan,0.006
hlavaty,0.004
wayne,0.002
lightfoot,0.002
wardle,0.002
reid,0.002
hansen,0.002
darron,0.002
giron,0.002
austin,0.002
hakemack,0.016
dawn,0.002
kenne,0.002
fosdick,0.002
enichem,0.006
elastomers,0.006
americas,0.006
supplier,0.002
92794,0.004
tonite,0.002
increased,0.002
overnight,0.002
5796,0.004
0989814,0.008
153864,0.004
156292,0.004
emailed,0.002
recoup,0.002
nick,0.018
moshou,0.014
tillison,0.02
verifying,0.002
ba,0.004
01474,0.002
75046,0.002
098,0.006
finalled,0.002
15975,0.002
payee,0.002
promptly,0.002
984,0.002
vicente,0.004
sarmiento,0.004
vic,0.002
authorizing,0.002
wo,0.002
59605,0.002
cautionary,0.002
warning,0.002
respect,0.002
spec,0.002
inerts,0.002
blended,0.002
reaching,0.002
precaution,0.002
trend,0.002
backwards,0.002
upset,0.002
flows,0.004
oliverd,0.002
groetzinger,0.004
peusa,0.006
danny,0.002
oliver,0.002
shaft,0.002
mug,0.002
unfortunately,0.004
coupling,0.002
downtime,0.002
dewville,0.002
receipts,0.002
remedy,0.002
pgev,0.004
1746918,0.002
482,0.004
int,0.002
fileCount,500
